condition_id,file,pred_frac,effort,cost_s,verdict
A25,project_report.docx,0.8296050071716308,full_carve,0.08,FULL
A25,header_photo.jpg,0.8120116949081421,full_carve,0.08,FULL
A25,python_tutorial.txt,0.8053244709968567,full_carve,0.08,PARTIAL_51pct
A25,cybersecurity_guide.txt,0.80100177526474,full_carve,0.08,NOT_RETRIEVED
A25,financial_budget.pdf,0.7616886615753173,full_carve,0.08,FULL
A25,cooking_recipe.txt,0.7432861804962159,full_carve,0.08,NOT_RETRIEVED
A25,large_wallpaper.jpg,0.5973913073539734,scoped_carve,0.02,PARTIAL_55pct
A25,climate_study.docx,0.5421641767024994,skip,0.0,NOT_RETRIEVED
A25,hospital_note.pdf,0.5207974910736084,skip,0.0,PARTIAL_78pct
A25,football_report.txt,0.46661064624786375,skip,0.0,NOT_RETRIEVED
A25,astronomy_article.txt,0.4591365694999695,skip,0.0,FULL
A25,tax_invoice.pdf,0.4545445144176483,skip,0.0,PARTIAL_76pct
A25,ml_research_notes.txt,0.43088337779045105,skip,0.0,NOT_RETRIEVED
A25,travel_itinerary.docx,0.3435076236724854,skip,0.0,FULL
A25,medium_image.jpg,0.2931681334972382,skip,0.0,PARTIAL_48pct
A26,header_photo.jpg,0.6978371143341064,full_carve,0.08,PARTIAL_78pct
A26,financial_budget.pdf,0.5346979320049285,full_carve,0.08,PARTIAL_47pct
A26,large_wallpaper.jpg,0.5323978304862976,full_carve,0.08,FULL
A26,tax_invoice.pdf,0.5133458018302918,full_carve,0.08,FULL
A26,travel_itinerary.docx,0.49373090267181396,full_carve,0.08,NOT_RETRIEVED
A26,football_report.txt,0.49362124204635616,full_carve,0.08,NOT_RETRIEVED
A26,astronomy_article.txt,0.4874130517244339,scoped_carve,0.02,NOT_RETRIEVED
A26,ml_research_notes.txt,0.41839730739593506,skip,0.0,FULL
A26,medium_image.jpg,0.4119642972946167,skip,0.0,PARTIAL_39pct
A26,climate_study.docx,0.37286996841430664,skip,0.0,PARTIAL_42pct
A26,hospital_note.pdf,0.3334794223308563,skip,0.0,PARTIAL_38pct
A26,cooking_recipe.txt,0.3165327429771423,skip,0.0,NOT_RETRIEVED
A26,project_report.docx,0.3028454065322876,skip,0.0,NOT_RETRIEVED
A26,cybersecurity_guide.txt,0.25038189589977267,skip,0.0,NOT_RETRIEVED
A26,python_tutorial.txt,0.19564227163791656,skip,0.0,NOT_RETRIEVED
A27,large_wallpaper.jpg,0.6333862543106079,full_carve,0.08,NOT_RETRIEVED
A27,project_report.docx,0.5229603588581084,full_carve,0.08,NOT_RETRIEVED
A27,hospital_note.pdf,0.508322697877884,full_carve,0.08,PARTIAL_87pct
A27,cybersecurity_guide.txt,0.41782550215721126,full_carve,0.08,FULL
A27,astronomy_article.txt,0.4049874246120453,full_carve,0.08,NOT_RETRIEVED
A27,medium_image.jpg,0.38695970773696897,full_carve,0.08,NOT_RETRIEVED
A27,cooking_recipe.txt,0.3387658536434173,scoped_carve,0.02,FULL
A27,travel_itinerary.docx,0.33566567301750183,skip,0.0,NOT_RETRIEVED
A27,tax_invoice.pdf,0.31969964802265166,skip,0.0,PARTIAL_35pct
A27,financial_budget.pdf,0.29297934770584105,skip,0.0,FULL
A27,ml_research_notes.txt,0.28799168169498446,skip,0.0,NOT_RETRIEVED
A27,header_photo.jpg,0.28707780241966246,skip,0.0,PARTIAL_38pct
A27,python_tutorial.txt,0.28434000015258787,skip,0.0,NOT_RETRIEVED
A27,climate_study.docx,0.13347866982221604,skip,0.0,FULL
A27,football_report.txt,0.11212525367736817,skip,0.0,NOT_RETRIEVED
A28,financial_budget.pdf,0.8154256105422975,full_carve,0.08,FULL
A28,travel_itinerary.docx,0.7537809133529663,full_carve,0.08,NOT_RETRIEVED
A28,project_report.docx,0.7479211807250976,full_carve,0.08,PARTIAL_86pct
A28,header_photo.jpg,0.6596020817756653,full_carve,0.08,PARTIAL_45pct
A28,cybersecurity_guide.txt,0.6412574648857117,full_carve,0.08,NOT_RETRIEVED
A28,tax_invoice.pdf,0.612467348575592,full_carve,0.08,PARTIAL_85pct
A28,hospital_note.pdf,0.5934079229831696,scoped_carve,0.02,PARTIAL_55pct
A28,cooking_recipe.txt,0.5764014959335327,skip,0.0,FULL
A28,climate_study.docx,0.5496837139129639,skip,0.0,NOT_RETRIEVED
A28,ml_research_notes.txt,0.5492629408836365,skip,0.0,PARTIAL_78pct
A28,football_report.txt,0.5366432845592499,skip,0.0,NOT_RETRIEVED
A28,python_tutorial.txt,0.5005590677261352,skip,0.0,PARTIAL_45pct
A28,astronomy_article.txt,0.4959724307060242,skip,0.0,FULL
A28,medium_image.jpg,0.4495990514755249,skip,0.0,NOT_RETRIEVED
A28,large_wallpaper.jpg,0.4467021584510803,skip,0.0,FULL
A29,large_wallpaper.jpg,0.754977798461914,full_carve,0.08,PARTIAL_47pct
A29,header_photo.jpg,0.6947691321372986,full_carve,0.08,FULL
A29,cybersecurity_guide.txt,0.6402849435806275,full_carve,0.08,FULL
A29,ml_research_notes.txt,0.6074181795120239,full_carve,0.08,NOT_RETRIEVED
A29,tax_invoice.pdf,0.5756664991378784,full_carve,0.08,PARTIAL_35pct
A29,hospital_note.pdf,0.45765485763549807,full_carve,0.08,FULL
A29,football_report.txt,0.4526189029216766,scoped_carve,0.02,PARTIAL_75pct
A29,medium_image.jpg,0.4524831295013428,skip,0.0,NOT_RETRIEVED
A29,financial_budget.pdf,0.4265875369310379,skip,0.0,NOT_RETRIEVED
A29,climate_study.docx,0.3978766143321991,skip,0.0,FULL
A29,cooking_recipe.txt,0.3863736271858216,skip,0.0,NOT_RETRIEVED
A29,project_report.docx,0.3378592252731323,skip,0.0,NOT_RETRIEVED
A29,travel_itinerary.docx,0.2700788855552674,skip,0.0,FULL
A29,astronomy_article.txt,0.24100764989852905,skip,0.0,NOT_RETRIEVED
A29,python_tutorial.txt,0.2312766849994659,skip,0.0,PARTIAL_85pct
A30,python_tutorial.txt,0.5178379058837891,full_carve,0.08,NOT_RETRIEVED
A30,project_report.docx,0.4424877405166626,full_carve,0.08,FULL
A30,tax_invoice.pdf,0.4414066135883331,full_carve,0.08,NOT_RETRIEVED
A30,football_report.txt,0.4147310525178909,full_carve,0.08,NOT_RETRIEVED
A30,header_photo.jpg,0.40737918615341184,full_carve,0.08,NOT_RETRIEVED
A30,travel_itinerary.docx,0.3059722989797592,full_carve,0.08,NOT_RETRIEVED
A30,hospital_note.pdf,0.2879053145647049,scoped_carve,0.02,NOT_RETRIEVED
A30,climate_study.docx,0.2367003917694092,skip,0.0,NOT_RETRIEVED
A30,medium_image.jpg,0.23017044067382814,skip,0.0,FULL
A30,ml_research_notes.txt,0.21888726949691772,skip,0.0,NOT_RETRIEVED
A30,large_wallpaper.jpg,0.21245610117912295,skip,0.0,NOT_RETRIEVED
A30,cooking_recipe.txt,0.21003447771072387,skip,0.0,NOT_RETRIEVED
A30,astronomy_article.txt,0.19881596565246584,skip,0.0,NOT_RETRIEVED
A30,financial_budget.pdf,0.16547133922576904,skip,0.0,NOT_RETRIEVED
A30,cybersecurity_guide.txt,0.13675396889448166,skip,0.0,NOT_RETRIEVED
A31,astronomy_article.txt,0.5831206381320954,full_carve,0.08,NOT_RETRIEVED
A31,python_tutorial.txt,0.4740760564804077,full_carve,0.08,NOT_RETRIEVED
A31,header_photo.jpg,0.42525764107704167,full_carve,0.08,PARTIAL_67pct
A31,financial_budget.pdf,0.4250876843929291,full_carve,0.08,FULL
A31,cooking_recipe.txt,0.4124449729919434,full_carve,0.08,FULL
A31,large_wallpaper.jpg,0.3738151788711548,full_carve,0.08,FULL
A31,hospital_note.pdf,0.35268884897232056,scoped_carve,0.02,FULL
A31,football_report.txt,0.3340426325798035,skip,0.0,NOT_RETRIEVED
A31,cybersecurity_guide.txt,0.32221356630325315,skip,0.0,NOT_RETRIEVED
A31,medium_image.jpg,0.25316067337989806,skip,0.0,FULL
A31,ml_research_notes.txt,0.18568233847618104,skip,0.0,NOT_RETRIEVED
A31,travel_itinerary.docx,0.1760801285505295,skip,0.0,NOT_RETRIEVED
A31,tax_invoice.pdf,0.15844786167144775,skip,0.0,PARTIAL_59pct
A31,project_report.docx,0.14009173810482026,skip,0.0,NOT_RETRIEVED
A31,climate_study.docx,0.10494392737746239,skip,0.0,NOT_RETRIEVED
A32,hospital_note.pdf,0.555499792098999,full_carve,0.08,NOT_RETRIEVED
A32,large_wallpaper.jpg,0.5505436897277832,full_carve,0.08,NOT_RETRIEVED
A32,tax_invoice.pdf,0.39956056475639345,full_carve,0.08,NOT_RETRIEVED
A32,ml_research_notes.txt,0.3056715846061706,full_carve,0.08,NOT_RETRIEVED
A32,football_report.txt,0.24131616950035095,full_carve,0.08,NOT_RETRIEVED
A32,medium_image.jpg,0.2397022306919098,full_carve,0.08,NOT_RETRIEVED
A32,python_tutorial.txt,0.20882740020751953,scoped_carve,0.02,NOT_RETRIEVED
A32,cooking_recipe.txt,0.20362859070301054,skip,0.0,NOT_RETRIEVED
A32,astronomy_article.txt,0.16279391646385194,skip,0.0,NOT_RETRIEVED
A32,financial_budget.pdf,0.1623409152030945,skip,0.0,FULL
A32,header_photo.jpg,0.15849724411964417,skip,0.0,FULL
A32,travel_itinerary.docx,0.13827301412820814,skip,0.0,NOT_RETRIEVED
A32,cybersecurity_guide.txt,0.11757949292659758,skip,0.0,NOT_RETRIEVED
A32,project_report.docx,0.1115695744752884,skip,0.0,NOT_RETRIEVED
A32,climate_study.docx,0.09989541321992874,skip,0.0,NOT_RETRIEVED
A33,header_photo.jpg,0.6694065749645233,full_carve,0.08,NOT_RETRIEVED
A33,large_wallpaper.jpg,0.34340322613716123,full_carve,0.08,NOT_RETRIEVED
A33,medium_image.jpg,0.18975366353988649,full_carve,0.08,NOT_RETRIEVED
A33,financial_budget.pdf,0.14913928806781768,full_carve,0.08,NOT_RETRIEVED
A33,football_report.txt,0.14759235084056854,full_carve,0.08,NOT_RETRIEVED
A33,project_report.docx,0.1405704528093338,full_carve,0.08,NOT_RETRIEVED
A33,hospital_note.pdf,0.1149670571088791,scoped_carve,0.02,NOT_RETRIEVED
A33,cooking_recipe.txt,0.10046012252569199,skip,0.0,NOT_RETRIEVED
A33,astronomy_article.txt,0.09579621851444245,skip,0.0,NOT_RETRIEVED
A33,python_tutorial.txt,0.09466734826564789,skip,0.0,NOT_RETRIEVED
A33,tax_invoice.pdf,0.09361639320850372,skip,0.0,NOT_RETRIEVED
A33,ml_research_notes.txt,0.09017035812139511,skip,0.0,NOT_RETRIEVED
A33,travel_itinerary.docx,0.08401494473218918,skip,0.0,NOT_RETRIEVED
A33,climate_study.docx,0.08217336535453797,skip,0.0,NOT_RETRIEVED
A33,cybersecurity_guide.txt,0.05553427599370479,skip,0.0,NOT_RETRIEVED
A34,large_wallpaper.jpg,0.46163465976715085,full_carve,0.08,PARTIAL_71pct
A34,financial_budget.pdf,0.3930407643318176,full_carve,0.08,PARTIAL_80pct
A34,astronomy_article.txt,0.39183677434921266,full_carve,0.08,NOT_RETRIEVED
A34,header_photo.jpg,0.30521978139877315,full_carve,0.08,FULL
A34,medium_image.jpg,0.2872945308685303,full_carve,0.08,NOT_RETRIEVED
A34,cooking_recipe.txt,0.2716917276382446,full_carve,0.08,NOT_RETRIEVED
A34,travel_itinerary.docx,0.2453163802623749,scoped_carve,0.02,NOT_RETRIEVED
A34,ml_research_notes.txt,0.23951862752437592,skip,0.0,NOT_RETRIEVED
A34,football_report.txt,0.17916580438613894,skip,0.0,PARTIAL_88pct
A34,tax_invoice.pdf,0.15744035243988036,skip,0.0,NOT_RETRIEVED
A34,project_report.docx,0.14787181317806244,skip,0.0,NOT_RETRIEVED
A34,cybersecurity_guide.txt,0.13357323706150054,skip,0.0,FULL
A34,python_tutorial.txt,0.09566593170166016,skip,0.0,FULL
A34,climate_study.docx,0.08333811081247404,skip,0.0,NOT_RETRIEVED
A34,hospital_note.pdf,0.07449228167533875,skip,0.0,NOT_RETRIEVED
A35,header_photo.jpg,0.5695236146450042,full_carve,0.08,NOT_RETRIEVED
A35,cooking_recipe.txt,0.2619856745004654,full_carve,0.08,NOT_RETRIEVED
A35,hospital_note.pdf,0.2082412287592888,full_carve,0.08,NOT_RETRIEVED
A35,football_report.txt,0.1690166085958481,full_carve,0.08,NOT_RETRIEVED
A35,large_wallpaper.jpg,0.1657692551612854,full_carve,0.08,NOT_RETRIEVED
A35,medium_image.jpg,0.1538254976272583,full_carve,0.08,NOT_RETRIEVED
A35,financial_budget.pdf,0.1373411862179637,scoped_carve,0.02,NOT_RETRIEVED
A35,travel_itinerary.docx,0.12968694716691972,skip,0.0,NOT_RETRIEVED
A35,project_report.docx,0.10548352301120759,skip,0.0,NOT_RETRIEVED
A35,python_tutorial.txt,0.10493401288986207,skip,0.0,NOT_RETRIEVED
A35,tax_invoice.pdf,0.0881805032491684,skip,0.0,NOT_RETRIEVED
A35,cybersecurity_guide.txt,0.08398988991975784,skip,0.0,NOT_RETRIEVED
A35,astronomy_article.txt,0.07835174947977067,skip,0.0,NOT_RETRIEVED
A35,climate_study.docx,0.07163084298372269,skip,0.0,NOT_RETRIEVED
A35,ml_research_notes.txt,0.059612102806568146,skip,0.0,NOT_RETRIEVED
A36,large_wallpaper.jpg,0.35146317481994627,full_carve,0.08,FULL
A36,travel_itinerary.docx,0.22669664025306704,full_carve,0.08,NOT_RETRIEVED
A36,financial_budget.pdf,0.20172094479203226,full_carve,0.08,NOT_RETRIEVED
A36,tax_invoice.pdf,0.16387888193130495,full_carve,0.08,NOT_RETRIEVED
A36,football_report.txt,0.14790988564491273,full_carve,0.08,NOT_RETRIEVED
A36,header_photo.jpg,0.14299018681049347,full_carve,0.08,NOT_RETRIEVED
A36,ml_research_notes.txt,0.13214800953865052,scoped_carve,0.02,NOT_RETRIEVED
A36,python_tutorial.txt,0.12599533349275588,skip,0.0,NOT_RETRIEVED
A36,hospital_note.pdf,0.11759927198290825,skip,0.0,NOT_RETRIEVED
A36,project_report.docx,0.09312214702367783,skip,0.0,NOT_RETRIEVED
A36,cooking_recipe.txt,0.08569987267255784,skip,0.0,NOT_RETRIEVED
A36,climate_study.docx,0.08063913509249687,skip,0.0,NOT_RETRIEVED
A36,medium_image.jpg,0.07810493633151054,skip,0.0,NOT_RETRIEVED
A36,cybersecurity_guide.txt,0.07422613427042961,skip,0.0,NOT_RETRIEVED
A36,astronomy_article.txt,0.0692919485270977,skip,0.0,NOT_RETRIEVED
A37,ml_research_notes.txt,0.5709936320781708,full_carve,0.08,PARTIAL_79pct
A37,tax_invoice.pdf,0.5300885379314422,full_carve,0.08,PARTIAL_34pct
A37,cybersecurity_guide.txt,0.5125135898590087,full_carve,0.08,NOT_RETRIEVED
A37,project_report.docx,0.4796827077865601,full_carve,0.08,NOT_RETRIEVED
A37,football_report.txt,0.47552098631858825,full_carve,0.08,NOT_RETRIEVED
A37,financial_budget.pdf,0.46122026443481445,full_carve,0.08,FULL
A37,large_wallpaper.jpg,0.4473588585853576,scoped_carve,0.02,PARTIAL_59pct
A37,python_tutorial.txt,0.42155452966690066,skip,0.0,NOT_RETRIEVED
A37,astronomy_article.txt,0.39501042962074284,skip,0.0,FULL
A37,header_photo.jpg,0.3743409514427185,skip,0.0,NOT_RETRIEVED
A37,hospital_note.pdf,0.36060962080955505,skip,0.0,FULL
A37,cooking_recipe.txt,0.3117400467395782,skip,0.0,NOT_RETRIEVED
A37,travel_itinerary.docx,0.2918778836727143,skip,0.0,PARTIAL_47pct
A37,climate_study.docx,0.2551006436347962,skip,0.0,NOT_RETRIEVED
A37,medium_image.jpg,0.1542914465069771,skip,0.0,FULL
A38,cybersecurity_guide.txt,0.5122909426689147,full_carve,0.08,NOT_RETRIEVED
A38,large_wallpaper.jpg,0.47656632661819454,full_carve,0.08,NOT_RETRIEVED
A38,hospital_note.pdf,0.3436795502901077,full_carve,0.08,NOT_RETRIEVED
A38,medium_image.jpg,0.2743324875831604,full_carve,0.08,FULL
A38,football_report.txt,0.2501586973667145,full_carve,0.08,PARTIAL_31pct
A38,financial_budget.pdf,0.22384953498840332,full_carve,0.08,NOT_RETRIEVED
A38,header_photo.jpg,0.21007560193538666,scoped_carve,0.02,NOT_RETRIEVED
A38,tax_invoice.pdf,0.19433767795562745,skip,0.0,NOT_RETRIEVED
A38,cooking_recipe.txt,0.17745956182479858,skip,0.0,NOT_RETRIEVED
A38,astronomy_article.txt,0.16322017014026644,skip,0.0,NOT_RETRIEVED
A38,travel_itinerary.docx,0.1521552175283432,skip,0.0,NOT_RETRIEVED
A38,python_tutorial.txt,0.14748885631561282,skip,0.0,FULL
A38,project_report.docx,0.13085465729236603,skip,0.0,PARTIAL_32pct
A38,ml_research_notes.txt,0.13032749593257906,skip,0.0,NOT_RETRIEVED
A38,climate_study.docx,0.0788951575756073,skip,0.0,NOT_RETRIEVED
A39,financial_budget.pdf,0.5622483521699906,full_carve,0.08,NOT_RETRIEVED
A39,project_report.docx,0.23507190346717835,full_carve,0.08,NOT_RETRIEVED
A39,travel_itinerary.docx,0.21261878907680512,full_carve,0.08,NOT_RETRIEVED
A39,cybersecurity_guide.txt,0.20128714740276338,full_carve,0.08,NOT_RETRIEVED
A39,large_wallpaper.jpg,0.19561837911605834,full_carve,0.08,NOT_RETRIEVED
A39,tax_invoice.pdf,0.17759145498275758,full_carve,0.08,NOT_RETRIEVED
A39,astronomy_article.txt,0.13503215163946153,scoped_carve,0.02,NOT_RETRIEVED
A39,hospital_note.pdf,0.12559143900871278,skip,0.0,FULL
A39,medium_image.jpg,0.11259849220514297,skip,0.0,NOT_RETRIEVED
A39,python_tutorial.txt,0.10306521654129028,skip,0.0,NOT_RETRIEVED
A39,header_photo.jpg,0.10005815029144287,skip,0.0,NOT_RETRIEVED
A39,climate_study.docx,0.09627384245395662,skip,0.0,NOT_RETRIEVED
A39,ml_research_notes.txt,0.058819453418254855,skip,0.0,NOT_RETRIEVED
A39,football_report.txt,0.05498618818819523,skip,0.0,NOT_RETRIEVED
A39,cooking_recipe.txt,0.026437730714678767,skip,0.0,NOT_RETRIEVED
A40,financial_budget.pdf,0.49084147810935974,full_carve,0.08,NOT_RETRIEVED
A40,hospital_note.pdf,0.41084324121475213,full_carve,0.08,NOT_RETRIEVED
A40,tax_invoice.pdf,0.3670329928398132,full_carve,0.08,PARTIAL_31pct
A40,travel_itinerary.docx,0.32755252718925476,full_carve,0.08,NOT_RETRIEVED
A40,ml_research_notes.txt,0.285281777381897,full_carve,0.08,NOT_RETRIEVED
A40,python_tutorial.txt,0.2840181887149811,full_carve,0.08,NOT_RETRIEVED
A40,header_photo.jpg,0.26497633457183833,scoped_carve,0.02,NOT_RETRIEVED
A40,project_report.docx,0.2649636030197144,skip,0.0,NOT_RETRIEVED
A40,medium_image.jpg,0.2609723448753357,skip,0.0,FULL
A40,cooking_recipe.txt,0.21031230688095096,skip,0.0,NOT_RETRIEVED
A40,astronomy_article.txt,0.20702896118164066,skip,0.0,PARTIAL_81pct
A40,climate_study.docx,0.20577093660831453,skip,0.0,NOT_RETRIEVED
A40,large_wallpaper.jpg,0.18191943019628523,skip,0.0,NOT_RETRIEVED
A40,cybersecurity_guide.txt,0.15260277986526488,skip,0.0,NOT_RETRIEVED
A40,football_report.txt,0.07632420361042022,skip,0.0,PARTIAL_51pct
A41,cybersecurity_guide.txt,0.44926684796810157,full_carve,0.08,NOT_RETRIEVED
A41,tax_invoice.pdf,0.4384557723999023,full_carve,0.08,NOT_RETRIEVED
A41,header_photo.jpg,0.3861272007226944,full_carve,0.08,NOT_RETRIEVED
A41,hospital_note.pdf,0.34920109510421754,full_carve,0.08,PARTIAL_52pct
A41,large_wallpaper.jpg,0.24798592925071716,full_carve,0.08,NOT_RETRIEVED
A41,cooking_recipe.txt,0.2414038449525833,full_carve,0.08,NOT_RETRIEVED
A41,python_tutorial.txt,0.20550306439399718,scoped_carve,0.02,NOT_RETRIEVED
A41,medium_image.jpg,0.19857335686683653,skip,0.0,FULL
A41,football_report.txt,0.19608622640371323,skip,0.0,NOT_RETRIEVED
A41,financial_budget.pdf,0.18748589158058165,skip,0.0,PARTIAL_80pct
A41,travel_itinerary.docx,0.1675752729177475,skip,0.0,NOT_RETRIEVED
A41,project_report.docx,0.15909195840358736,skip,0.0,NOT_RETRIEVED
A41,astronomy_article.txt,0.14088202714920045,skip,0.0,NOT_RETRIEVED
A41,ml_research_notes.txt,0.13802354633808134,skip,0.0,NOT_RETRIEVED
A41,climate_study.docx,0.08107793629169464,skip,0.0,NOT_RETRIEVED
A42,medium_image.jpg,0.25501430630683897,full_carve,0.08,NOT_RETRIEVED
A42,large_wallpaper.jpg,0.2075637340545654,full_carve,0.08,NOT_RETRIEVED
A42,astronomy_article.txt,0.1924129068851471,full_carve,0.08,NOT_RETRIEVED
A42,header_photo.jpg,0.16546521484851837,full_carve,0.08,NOT_RETRIEVED
A42,climate_study.docx,0.15938805341720583,full_carve,0.08,NOT_RETRIEVED
A42,python_tutorial.txt,0.14667254984378814,full_carve,0.08,FULL
A42,hospital_note.pdf,0.13628497570753098,scoped_carve,0.02,NOT_RETRIEVED
A42,financial_budget.pdf,0.1322367012500763,skip,0.0,NOT_RETRIEVED
A42,football_report.txt,0.12977673411369325,skip,0.0,NOT_RETRIEVED
A42,ml_research_notes.txt,0.12361226081848145,skip,0.0,NOT_RETRIEVED
A42,tax_invoice.pdf,0.12075078189373016,skip,0.0,NOT_RETRIEVED
A42,cybersecurity_guide.txt,0.11079084873199463,skip,0.0,NOT_RETRIEVED
A42,travel_itinerary.docx,0.10387847125530243,skip,0.0,NOT_RETRIEVED
A42,project_report.docx,0.09333158433437347,skip,0.0,NOT_RETRIEVED
A42,cooking_recipe.txt,0.06099418699741364,skip,0.0,PARTIAL_41pct
A43,large_wallpaper.jpg,0.2516921490430832,full_carve,0.08,NOT_RETRIEVED
A43,football_report.txt,0.19139254689216614,full_carve,0.08,NOT_RETRIEVED
A43,python_tutorial.txt,0.18901508003473283,full_carve,0.08,NOT_RETRIEVED
A43,astronomy_article.txt,0.18318960368633272,full_carve,0.08,NOT_RETRIEVED
A43,travel_itinerary.docx,0.18087584972381593,full_carve,0.08,NOT_RETRIEVED
A43,tax_invoice.pdf,0.16831719279289245,full_carve,0.08,NOT_RETRIEVED
A43,medium_image.jpg,0.1666604161262512,scoped_carve,0.02,NOT_RETRIEVED
A43,hospital_note.pdf,0.1264616459608078,skip,0.0,NOT_RETRIEVED
A43,ml_research_notes.txt,0.1159869760274887,skip,0.0,PARTIAL_76pct
A43,cybersecurity_guide.txt,0.11054492257535457,skip,0.0,NOT_RETRIEVED
A43,financial_budget.pdf,0.09983532875776291,skip,0.0,NOT_RETRIEVED
A43,header_photo.jpg,0.09034486711025239,skip,0.0,NOT_RETRIEVED
A43,project_report.docx,0.08954437375068665,skip,0.0,NOT_RETRIEVED
A43,cooking_recipe.txt,0.03920566141605377,skip,0.0,FULL
A43,climate_study.docx,0.03046036809682846,skip,0.0,NOT_RETRIEVED
A44,large_wallpaper.jpg,0.2437342405319214,full_carve,0.08,NOT_RETRIEVED
A44,medium_image.jpg,0.1756199151277542,full_carve,0.08,NOT_RETRIEVED
A44,cooking_recipe.txt,0.16862301528453827,full_carve,0.08,NOT_RETRIEVED
A44,tax_invoice.pdf,0.1497765302658081,full_carve,0.08,NOT_RETRIEVED
A44,cybersecurity_guide.txt,0.1441104978322983,full_carve,0.08,NOT_RETRIEVED
A44,hospital_note.pdf,0.13606065213680268,full_carve,0.08,NOT_RETRIEVED
A44,football_report.txt,0.12953517436981202,scoped_carve,0.02,NOT_RETRIEVED
A44,python_tutorial.txt,0.12236959338188172,skip,0.0,NOT_RETRIEVED
A44,header_photo.jpg,0.10317306816577912,skip,0.0,NOT_RETRIEVED
A44,ml_research_notes.txt,0.09617454707622528,skip,0.0,NOT_RETRIEVED
A44,financial_budget.pdf,0.09115660637617111,skip,0.0,NOT_RETRIEVED
A44,project_report.docx,0.08881212919950485,skip,0.0,NOT_RETRIEVED
A44,astronomy_article.txt,0.07112621217966081,skip,0.0,NOT_RETRIEVED
A44,climate_study.docx,0.05491086095571518,skip,0.0,NOT_RETRIEVED
A44,travel_itinerary.docx,0.044819448515772825,skip,0.0,NOT_RETRIEVED
A45,medium_image.jpg,0.09998356997966766,full_carve,0.08,NOT_RETRIEVED
A45,tax_invoice.pdf,0.09668975472450256,full_carve,0.08,NOT_RETRIEVED
A45,project_report.docx,0.09497461020946504,full_carve,0.08,NOT_RETRIEVED
A45,hospital_note.pdf,0.08234884068369865,full_carve,0.08,NOT_RETRIEVED
A45,cooking_recipe.txt,0.08234455585479737,full_carve,0.08,NOT_RETRIEVED
A45,ml_research_notes.txt,0.0784170925617218,skip,0.0,NOT_RETRIEVED
A45,financial_budget.pdf,0.07466465085744858,skip,0.0,NOT_RETRIEVED
A45,large_wallpaper.jpg,0.07394099682569504,skip,0.0,NOT_RETRIEVED
A45,python_tutorial.txt,0.0714714914560318,skip,0.0,NOT_RETRIEVED
A45,climate_study.docx,0.07014151066541671,skip,0.0,NOT_RETRIEVED
A45,football_report.txt,0.06730929762125015,skip,0.0,NOT_RETRIEVED
A45,header_photo.jpg,0.0514999695122242,skip,0.0,NOT_RETRIEVED
A45,travel_itinerary.docx,0.05085039958357811,skip,0.0,NOT_RETRIEVED
A45,cybersecurity_guide.txt,0.03660596460103989,skip,0.0,NOT_RETRIEVED
A45,astronomy_article.txt,0.028283726423978806,skip,0.0,NOT_RETRIEVED
A46,football_report.txt,0.2012978434562683,full_carve,0.08,NOT_RETRIEVED
A46,cybersecurity_guide.txt,0.17916422188282013,full_carve,0.08,NOT_RETRIEVED
A46,medium_image.jpg,0.14413506984710694,full_carve,0.08,NOT_RETRIEVED
A46,header_photo.jpg,0.14220701158046722,full_carve,0.08,NOT_RETRIEVED
A46,cooking_recipe.txt,0.14094576239585876,full_carve,0.08,NOT_RETRIEVED
A46,project_report.docx,0.13242432922124864,full_carve,0.08,NOT_RETRIEVED
A46,ml_research_notes.txt,0.12354158759117126,scoped_carve,0.02,NOT_RETRIEVED
A46,climate_study.docx,0.1178121879696846,skip,0.0,NOT_RETRIEVED
A46,astronomy_article.txt,0.11586377024650574,skip,0.0,NOT_RETRIEVED
A46,tax_invoice.pdf,0.11347202062606813,skip,0.0,NOT_RETRIEVED
A46,travel_itinerary.docx,0.10891597270965576,skip,0.0,NOT_RETRIEVED
A46,large_wallpaper.jpg,0.0982029765844345,skip,0.0,NOT_RETRIEVED
A46,python_tutorial.txt,0.08391417637467384,skip,0.0,NOT_RETRIEVED
A46,hospital_note.pdf,0.05822178125381469,skip,0.0,NOT_RETRIEVED
A46,financial_budget.pdf,0.054932994022965434,skip,0.0,NOT_RETRIEVED
A47,header_photo.jpg,0.16695213615894317,full_carve,0.08,NOT_RETRIEVED
A47,tax_invoice.pdf,0.13459140956401824,full_carve,0.08,NOT_RETRIEVED
A47,hospital_note.pdf,0.1208868607878685,full_carve,0.08,NOT_RETRIEVED
A47,project_report.docx,0.118828946352005,full_carve,0.08,NOT_RETRIEVED
A47,ml_research_notes.txt,0.1182239145040512,full_carve,0.08,NOT_RETRIEVED
A47,large_wallpaper.jpg,0.08622971177101135,full_carve,0.08,NOT_RETRIEVED
A47,medium_image.jpg,0.08608246743679046,scoped_carve,0.02,NOT_RETRIEVED
A47,travel_itinerary.docx,0.07078508846461773,skip,0.0,NOT_RETRIEVED
A47,python_tutorial.txt,0.06365007311105728,skip,0.0,NOT_RETRIEVED
A47,astronomy_article.txt,0.06271905303001404,skip,0.0,NOT_RETRIEVED
A47,football_report.txt,0.04325701827183366,skip,0.0,NOT_RETRIEVED
A47,financial_budget.pdf,0.039778221398591995,skip,0.0,NOT_RETRIEVED
A47,climate_study.docx,0.036471215635538096,skip,0.0,NOT_RETRIEVED
A47,cooking_recipe.txt,0.035040353983640665,skip,0.0,NOT_RETRIEVED
A47,cybersecurity_guide.txt,0.029914261400699613,skip,0.0,NOT_RETRIEVED
A48,large_wallpaper.jpg,0.2331381157040596,full_carve,0.08,NOT_RETRIEVED
A48,medium_image.jpg,0.14538537859916686,full_carve,0.08,NOT_RETRIEVED
A48,header_photo.jpg,0.10279060080647467,full_carve,0.08,NOT_RETRIEVED
A48,astronomy_article.txt,0.10001588016748428,full_carve,0.08,NOT_RETRIEVED
A48,python_tutorial.txt,0.08178838640451432,full_carve,0.08,NOT_RETRIEVED
A48,travel_itinerary.docx,0.07835238426923752,skip,0.0,NOT_RETRIEVED
A48,tax_invoice.pdf,0.07785312831401825,skip,0.0,NOT_RETRIEVED
A48,cybersecurity_guide.txt,0.06278403736650943,skip,0.0,NOT_RETRIEVED
A48,ml_research_notes.txt,0.06104306206107139,skip,0.0,NOT_RETRIEVED
A48,cooking_recipe.txt,0.05663348361849785,skip,0.0,NOT_RETRIEVED
A48,climate_study.docx,0.04913979694247246,skip,0.0,NOT_RETRIEVED
A48,financial_budget.pdf,0.046145168319344516,skip,0.0,NOT_RETRIEVED
A48,project_report.docx,0.044641938805580136,skip,0.0,NOT_RETRIEVED
A48,football_report.txt,0.03571319431066513,skip,0.0,NOT_RETRIEVED
A48,hospital_note.pdf,0.027658279240131377,skip,0.0,NOT_RETRIEVED
A49,financial_budget.pdf,0.8435258626937866,full_carve,0.08,FULL
A49,header_photo.jpg,0.7876361727714538,full_carve,0.08,FULL
A49,tax_invoice.pdf,0.6707273960113526,full_carve,0.08,PARTIAL_74pct
A49,hospital_note.pdf,0.6581056952476501,full_carve,0.08,FULL
A49,football_report.txt,0.6233645081520081,full_carve,0.08,NOT_RETRIEVED
A49,project_report.docx,0.6233486354351043,full_carve,0.08,NOT_RETRIEVED
A49,python_tutorial.txt,0.6144227504730224,scoped_carve,0.02,PARTIAL_44pct
A49,travel_itinerary.docx,0.6004558205604553,skip,0.0,PARTIAL_42pct
A49,large_wallpaper.jpg,0.5678197681903839,skip,0.0,NOT_RETRIEVED
A49,climate_study.docx,0.5357037484645844,skip,0.0,FULL
A49,ml_research_notes.txt,0.4986428260803223,skip,0.0,FULL
A49,cooking_recipe.txt,0.4688866257667542,skip,0.0,FULL
A49,cybersecurity_guide.txt,0.43659085035324097,skip,0.0,NOT_RETRIEVED
A49,medium_image.jpg,0.42305649518966676,skip,0.0,NOT_RETRIEVED
A49,astronomy_article.txt,0.40328879952430724,skip,0.0,PARTIAL_88pct
A50,football_report.txt,0.8297692775726317,full_carve,0.08,NOT_RETRIEVED
A50,header_photo.jpg,0.737323272228241,full_carve,0.08,PARTIAL_78pct
A50,climate_study.docx,0.7004277110099792,full_carve,0.08,NOT_RETRIEVED
A50,hospital_note.pdf,0.6608965754508973,full_carve,0.08,PARTIAL_33pct
A50,financial_budget.pdf,0.5919320106506347,full_carve,0.08,NOT_RETRIEVED
A50,cooking_recipe.txt,0.5898058950901031,full_carve,0.08,NOT_RETRIEVED
A50,tax_invoice.pdf,0.576321941614151,scoped_carve,0.02,PARTIAL_35pct
A50,medium_image.jpg,0.5600704610347748,skip,0.0,PARTIAL_78pct
A50,travel_itinerary.docx,0.5266691267490387,skip,0.0,PARTIAL_76pct
A50,large_wallpaper.jpg,0.46017215251922605,skip,0.0,FULL
A50,project_report.docx,0.35431737303733823,skip,0.0,PARTIAL_75pct
A50,cybersecurity_guide.txt,0.35317404270172115,skip,0.0,NOT_RETRIEVED
A50,python_tutorial.txt,0.24857909679412843,skip,0.0,NOT_RETRIEVED
A50,astronomy_article.txt,0.22630395591259006,skip,0.0,FULL
A50,ml_research_notes.txt,0.19764354825019836,skip,0.0,FULL
A51,cybersecurity_guide.txt,0.5305362045764923,full_carve,0.08,FULL
A51,travel_itinerary.docx,0.4987495183944702,full_carve,0.08,NOT_RETRIEVED
A51,large_wallpaper.jpg,0.47071159482002256,full_carve,0.08,PARTIAL_74pct
A51,astronomy_article.txt,0.4317801892757416,full_carve,0.08,NOT_RETRIEVED
A51,tax_invoice.pdf,0.38704060912132265,full_carve,0.08,NOT_RETRIEVED
A51,climate_study.docx,0.30939290523529056,full_carve,0.08,NOT_RETRIEVED
A51,football_report.txt,0.28735773563385014,scoped_carve,0.02,NOT_RETRIEVED
A51,header_photo.jpg,0.26314041018486023,skip,0.0,NOT_RETRIEVED
A51,financial_budget.pdf,0.255307936668396,skip,0.0,PARTIAL_81pct
A51,ml_research_notes.txt,0.2110596537590027,skip,0.0,NOT_RETRIEVED
A51,medium_image.jpg,0.20002140402793886,skip,0.0,NOT_RETRIEVED
A51,hospital_note.pdf,0.19548949897289278,skip,0.0,FULL
A51,cooking_recipe.txt,0.19480342864990235,skip,0.0,NOT_RETRIEVED
A51,project_report.docx,0.17948465049266815,skip,0.0,NOT_RETRIEVED
A51,python_tutorial.txt,0.10473137795925141,skip,0.0,PARTIAL_74pct
A52,financial_budget.pdf,0.7082680642604828,full_carve,0.08,FULL
A52,tax_invoice.pdf,0.6240110635757445,full_carve,0.08,FULL
A52,cooking_recipe.txt,0.6133631110191344,full_carve,0.08,NOT_RETRIEVED
A52,large_wallpaper.jpg,0.6098413467407227,full_carve,0.08,FULL
A52,travel_itinerary.docx,0.5876294016838074,full_carve,0.08,FULL
A52,astronomy_article.txt,0.5692545890808105,full_carve,0.08,PARTIAL_33pct
A52,hospital_note.pdf,0.5619684636592865,scoped_carve,0.02,PARTIAL_85pct
A52,python_tutorial.txt,0.5256943821907043,skip,0.0,FULL
A52,ml_research_notes.txt,0.5154254972934723,skip,0.0,FULL
A52,header_photo.jpg,0.49294795989990237,skip,0.0,FULL
A52,project_report.docx,0.4706151127815247,skip,0.0,NOT_RETRIEVED
A52,cybersecurity_guide.txt,0.4195950150489807,skip,0.0,NOT_RETRIEVED
A52,climate_study.docx,0.40317320823669434,skip,0.0,FULL
A52,football_report.txt,0.3904796153306961,skip,0.0,NOT_RETRIEVED
A52,medium_image.jpg,0.36288670301437376,skip,0.0,NOT_RETRIEVED
A53,football_report.txt,0.6989028573036193,full_carve,0.08,NOT_RETRIEVED
A53,large_wallpaper.jpg,0.6551067113876343,full_carve,0.08,PARTIAL_42pct
A53,header_photo.jpg,0.6068445324897767,full_carve,0.08,FULL
A53,medium_image.jpg,0.5445848345756531,full_carve,0.08,NOT_RETRIEVED
A53,tax_invoice.pdf,0.5444987773895263,full_carve,0.08,FULL
A53,hospital_note.pdf,0.5244978308677674,full_carve,0.08,PARTIAL_64pct
A53,travel_itinerary.docx,0.49373255968093877,scoped_carve,0.02,PARTIAL_41pct
A53,financial_budget.pdf,0.4495274901390076,skip,0.0,PARTIAL_55pct
A53,python_tutorial.txt,0.36087744235992436,skip,0.0,NOT_RETRIEVED
A53,cybersecurity_guide.txt,0.3540251135826111,skip,0.0,NOT_RETRIEVED
A53,project_report.docx,0.3364155232906342,skip,0.0,PARTIAL_50pct
A53,climate_study.docx,0.32034580111503597,skip,0.0,NOT_RETRIEVED
A53,astronomy_article.txt,0.30727317929267883,skip,0.0,PARTIAL_56pct
A53,ml_research_notes.txt,0.2888393819332123,skip,0.0,NOT_RETRIEVED
A53,cooking_recipe.txt,0.12219975329935552,skip,0.0,FULL
A54,medium_image.jpg,0.4324974060058594,full_carve,0.08,NOT_RETRIEVED
A54,large_wallpaper.jpg,0.40979034900665284,full_carve,0.08,NOT_RETRIEVED
A54,project_report.docx,0.3996342718601227,full_carve,0.08,NOT_RETRIEVED
A54,header_photo.jpg,0.3921085119247436,full_carve,0.08,NOT_RETRIEVED
A54,ml_research_notes.txt,0.36326172947883606,full_carve,0.08,NOT_RETRIEVED
A54,hospital_note.pdf,0.29361178874969485,full_carve,0.08,FULL
A54,python_tutorial.txt,0.2138035237789154,scoped_carve,0.02,FULL
A54,tax_invoice.pdf,0.2095438539981842,skip,0.0,NOT_RETRIEVED
A54,travel_itinerary.docx,0.18729911744594574,skip,0.0,NOT_RETRIEVED
A54,cooking_recipe.txt,0.1736850142478943,skip,0.0,NOT_RETRIEVED
A54,climate_study.docx,0.1715439796447754,skip,0.0,PARTIAL_75pct
A54,financial_budget.pdf,0.16388124525547026,skip,0.0,NOT_RETRIEVED
A54,football_report.txt,0.1535988599061966,skip,0.0,FULL
A54,astronomy_article.txt,0.13709601759910583,skip,0.0,NOT_RETRIEVED
A54,cybersecurity_guide.txt,0.13623410761356353,skip,0.0,NOT_RETRIEVED
A55,large_wallpaper.jpg,0.5464341282844544,full_carve,0.08,FULL
A55,cooking_recipe.txt,0.40265106558799746,full_carve,0.08,NOT_RETRIEVED
A55,hospital_note.pdf,0.3990681886672974,full_carve,0.08,NOT_RETRIEVED
A55,travel_itinerary.docx,0.37765641808509826,full_carve,0.08,NOT_RETRIEVED
A55,project_report.docx,0.3630444765090942,full_carve,0.08,NOT_RETRIEVED
A55,football_report.txt,0.32362752556800845,full_carve,0.08,PARTIAL_81pct
A55,tax_invoice.pdf,0.3224796593189239,scoped_carve,0.02,NOT_RETRIEVED
A55,financial_budget.pdf,0.29163511991500857,skip,0.0,NOT_RETRIEVED
A55,astronomy_article.txt,0.2874968349933624,skip,0.0,NOT_RETRIEVED
A55,ml_research_notes.txt,0.23599333167076111,skip,0.0,NOT_RETRIEVED
A55,cybersecurity_guide.txt,0.234578275680542,skip,0.0,PARTIAL_50pct
A55,medium_image.jpg,0.2044701725244522,skip,0.0,FULL
A55,climate_study.docx,0.15770896077156066,skip,0.0,NOT_RETRIEVED
A55,header_photo.jpg,0.15231457054615022,skip,0.0,NOT_RETRIEVED
A55,python_tutorial.txt,0.14002350270748137,skip,0.0,FULL
A56,large_wallpaper.jpg,0.5441848576068878,full_carve,0.08,FULL
A56,python_tutorial.txt,0.4518045604228973,full_carve,0.08,NOT_RETRIEVED
A56,medium_image.jpg,0.3393970489501953,full_carve,0.08,NOT_RETRIEVED
A56,cooking_recipe.txt,0.33550915718078617,full_carve,0.08,PARTIAL_61pct
A56,ml_research_notes.txt,0.3187393695116043,full_carve,0.08,NOT_RETRIEVED
A56,header_photo.jpg,0.27918394207954406,full_carve,0.08,NOT_RETRIEVED
A56,astronomy_article.txt,0.2669617474079132,scoped_carve,0.02,NOT_RETRIEVED
A56,financial_budget.pdf,0.2657416224479675,skip,0.0,NOT_RETRIEVED
A56,football_report.txt,0.1786571890115738,skip,0.0,NOT_RETRIEVED
A56,climate_study.docx,0.1621114134788513,skip,0.0,NOT_RETRIEVED
A56,cybersecurity_guide.txt,0.15465458035469054,skip,0.0,NOT_RETRIEVED
A56,project_report.docx,0.12497328966856003,skip,0.0,NOT_RETRIEVED
A56,travel_itinerary.docx,0.11402193158864976,skip,0.0,NOT_RETRIEVED
A56,tax_invoice.pdf,0.11010751426219942,skip,0.0,FULL
A56,hospital_note.pdf,0.10404050946235657,skip,0.0,FULL
A57,header_photo.jpg,0.5545077592134475,full_carve,0.08,NOT_RETRIEVED
A57,large_wallpaper.jpg,0.4850466787815094,full_carve,0.08,NOT_RETRIEVED
A57,project_report.docx,0.20539589971303943,full_carve,0.08,NOT_RETRIEVED
A57,tax_invoice.pdf,0.20008078813552857,full_carve,0.08,NOT_RETRIEVED
A57,financial_budget.pdf,0.15448401868343353,full_carve,0.08,NOT_RETRIEVED
A57,medium_image.jpg,0.1503646969795227,full_carve,0.08,NOT_RETRIEVED
A57,football_report.txt,0.14452753067016602,scoped_carve,0.02,NOT_RETRIEVED
A57,travel_itinerary.docx,0.14094410836696625,skip,0.0,NOT_RETRIEVED
A57,astronomy_article.txt,0.1061897948384285,skip,0.0,NOT_RETRIEVED
A57,cooking_recipe.txt,0.10602706372737884,skip,0.0,NOT_RETRIEVED
A57,hospital_note.pdf,0.09770750105381013,skip,0.0,NOT_RETRIEVED
A57,python_tutorial.txt,0.0806691437959671,skip,0.0,NOT_RETRIEVED
A57,climate_study.docx,0.07541629672050476,skip,0.0,NOT_RETRIEVED
A57,cybersecurity_guide.txt,0.07088906615972519,skip,0.0,NOT_RETRIEVED
A57,ml_research_notes.txt,0.056198255717754365,skip,0.0,NOT_RETRIEVED
A58,large_wallpaper.jpg,0.6827286720275879,full_carve,0.08,NOT_RETRIEVED
A58,medium_image.jpg,0.5242792129516601,full_carve,0.08,NOT_RETRIEVED
A58,football_report.txt,0.420006263256073,full_carve,0.08,NOT_RETRIEVED
A58,climate_study.docx,0.40610705614089965,full_carve,0.08,NOT_RETRIEVED
A58,cybersecurity_guide.txt,0.30921529531478886,full_carve,0.08,NOT_RETRIEVED
A58,project_report.docx,0.3026039659976959,full_carve,0.08,PARTIAL_41pct
A58,astronomy_article.txt,0.2846474766731262,scoped_carve,0.02,NOT_RETRIEVED
A58,financial_budget.pdf,0.27658480405807495,skip,0.0,NOT_RETRIEVED
A58,hospital_note.pdf,0.2144823968410492,skip,0.0,NOT_RETRIEVED
A58,travel_itinerary.docx,0.21046562790870665,skip,0.0,NOT_RETRIEVED
A58,ml_research_notes.txt,0.19641099572181703,skip,0.0,NOT_RETRIEVED
A58,tax_invoice.pdf,0.16022495329380035,skip,0.0,NOT_RETRIEVED
A58,python_tutorial.txt,0.14932186156511307,skip,0.0,NOT_RETRIEVED
A58,header_photo.jpg,0.132364222407341,skip,0.0,NOT_RETRIEVED
A58,cooking_recipe.txt,0.12099800705909727,skip,0.0,FULL
A59,large_wallpaper.jpg,0.3532348930835724,full_carve,0.08,NOT_RETRIEVED
A59,medium_image.jpg,0.2137795716524124,full_carve,0.08,NOT_RETRIEVED
A59,ml_research_notes.txt,0.19940741658210753,full_carve,0.08,NOT_RETRIEVED
A59,hospital_note.pdf,0.13056755810976028,full_carve,0.08,NOT_RETRIEVED
A59,header_photo.jpg,0.12225098609924316,full_carve,0.08,FULL
A59,football_report.txt,0.1165521964430809,full_carve,0.08,NOT_RETRIEVED
A59,python_tutorial.txt,0.10787281841039659,scoped_carve,0.02,NOT_RETRIEVED
A59,cybersecurity_guide.txt,0.10437884032726288,skip,0.0,NOT_RETRIEVED
A59,climate_study.docx,0.09809585511684418,skip,0.0,NOT_RETRIEVED
A59,travel_itinerary.docx,0.09368268251419068,skip,0.0,NOT_RETRIEVED
A59,financial_budget.pdf,0.09181538075208664,skip,0.0,NOT_RETRIEVED
A59,tax_invoice.pdf,0.09035171866416931,skip,0.0,NOT_RETRIEVED
A59,astronomy_article.txt,0.08190195262432098,skip,0.0,NOT_RETRIEVED
A59,cooking_recipe.txt,0.07732116356492041,skip,0.0,NOT_RETRIEVED
A59,project_report.docx,0.05675766915082932,skip,0.0,NOT_RETRIEVED
A60,header_photo.jpg,0.21418023705482483,full_carve,0.08,NOT_RETRIEVED
A60,medium_image.jpg,0.18015729188919066,full_carve,0.08,NOT_RETRIEVED
A60,large_wallpaper.jpg,0.16965708434581755,full_carve,0.08,NOT_RETRIEVED
A60,hospital_note.pdf,0.13649401664733887,full_carve,0.08,NOT_RETRIEVED
A60,climate_study.docx,0.12394361570477487,full_carve,0.08,NOT_RETRIEVED
A60,travel_itinerary.docx,0.10367321372032165,full_carve,0.08,NOT_RETRIEVED
A60,python_tutorial.txt,0.09311291128396988,scoped_carve,0.02,NOT_RETRIEVED
A60,project_report.docx,0.09201549291610717,skip,0.0,NOT_RETRIEVED
A60,ml_research_notes.txt,0.08649427145719528,skip,0.0,NOT_RETRIEVED
A60,financial_budget.pdf,0.07529240623116493,skip,0.0,NOT_RETRIEVED
A60,cooking_recipe.txt,0.0742982730269432,skip,0.0,NOT_RETRIEVED
A60,astronomy_article.txt,0.06760617345571518,skip,0.0,NOT_RETRIEVED
A60,football_report.txt,0.06618597954511643,skip,0.0,NOT_RETRIEVED
A60,cybersecurity_guide.txt,0.05764397755265236,skip,0.0,NOT_RETRIEVED
A60,tax_invoice.pdf,0.051556529849767684,skip,0.0,NOT_RETRIEVED
A61,medium_image.jpg,0.8333289623260498,full_carve,0.08,NOT_RETRIEVED
A61,tax_invoice.pdf,0.6934085428714751,full_carve,0.08,PARTIAL_41pct
A61,header_photo.jpg,0.670580244064331,full_carve,0.08,FULL
A61,climate_study.docx,0.646156233549118,full_carve,0.08,FULL
A61,astronomy_article.txt,0.49422703385353095,full_carve,0.08,NOT_RETRIEVED
A61,large_wallpaper.jpg,0.455555248260498,full_carve,0.08,FULL
A61,hospital_note.pdf,0.4283265292644501,scoped_carve,0.02,NOT_RETRIEVED
A61,project_report.docx,0.41841078996658326,skip,0.0,FULL
A61,cybersecurity_guide.txt,0.413019460439682,skip,0.0,PARTIAL_73pct
A61,financial_budget.pdf,0.40904152393341064,skip,0.0,FULL
A61,football_report.txt,0.35753740668296813,skip,0.0,FULL
A61,ml_research_notes.txt,0.34154202938079836,skip,0.0,PARTIAL_46pct
A61,cooking_recipe.txt,0.33052836656570433,skip,0.0,PARTIAL_60pct
A61,travel_itinerary.docx,0.23133327364921574,skip,0.0,NOT_RETRIEVED
A61,python_tutorial.txt,0.21283599734306335,skip,0.0,NOT_RETRIEVED
A62,python_tutorial.txt,0.5837344050407409,full_carve,0.08,NOT_RETRIEVED
A62,medium_image.jpg,0.5105347573757172,full_carve,0.08,NOT_RETRIEVED
A62,header_photo.jpg,0.45615240931510925,full_carve,0.08,NOT_RETRIEVED
A62,ml_research_notes.txt,0.3798266172409058,full_carve,0.08,NOT_RETRIEVED
A62,tax_invoice.pdf,0.34480154812335967,full_carve,0.08,NOT_RETRIEVED
A62,astronomy_article.txt,0.3027987778186798,full_carve,0.08,NOT_RETRIEVED
A62,cybersecurity_guide.txt,0.2121388465166092,scoped_carve,0.02,NOT_RETRIEVED
A62,large_wallpaper.jpg,0.20134127140045166,skip,0.0,NOT_RETRIEVED
A62,cooking_recipe.txt,0.20115006566047666,skip,0.0,NOT_RETRIEVED
A62,financial_budget.pdf,0.19869924783706666,skip,0.0,NOT_RETRIEVED
A62,hospital_note.pdf,0.19842386841773987,skip,0.0,NOT_RETRIEVED
A62,travel_itinerary.docx,0.19302351474761964,skip,0.0,NOT_RETRIEVED
A62,project_report.docx,0.180493500828743,skip,0.0,NOT_RETRIEVED
A62,climate_study.docx,0.15995134711265563,skip,0.0,NOT_RETRIEVED
A62,football_report.txt,0.1212404251098633,skip,0.0,FULL
A63,hospital_note.pdf,0.3616431653499603,full_carve,0.08,NOT_RETRIEVED
A63,tax_invoice.pdf,0.2860680937767029,full_carve,0.08,NOT_RETRIEVED
A63,ml_research_notes.txt,0.2608494609594345,full_carve,0.08,NOT_RETRIEVED
A63,medium_image.jpg,0.24436863660812377,full_carve,0.08,NOT_RETRIEVED
A63,cybersecurity_guide.txt,0.2349923074245453,full_carve,0.08,NOT_RETRIEVED
A63,large_wallpaper.jpg,0.23007549941539765,full_carve,0.08,NOT_RETRIEVED
A63,header_photo.jpg,0.2134298026561737,scoped_carve,0.02,NOT_RETRIEVED
A63,cooking_recipe.txt,0.15416206419467926,skip,0.0,NOT_RETRIEVED
A63,football_report.txt,0.14530059397220613,skip,0.0,NOT_RETRIEVED
A63,astronomy_article.txt,0.13253652155399323,skip,0.0,NOT_RETRIEVED
A63,python_tutorial.txt,0.1182999536395073,skip,0.0,NOT_RETRIEVED
A63,financial_budget.pdf,0.11724065244197845,skip,0.0,FULL
A63,project_report.docx,0.05846432894468308,skip,0.0,NOT_RETRIEVED
A63,climate_study.docx,0.04623010236537084,skip,0.0,NOT_RETRIEVED
A63,travel_itinerary.docx,0.04455715492367744,skip,0.0,NOT_RETRIEVED
A64,football_report.txt,0.39709864258766175,full_carve,0.08,NOT_RETRIEVED
A64,medium_image.jpg,0.31512665152549746,full_carve,0.08,PARTIAL_62pct
A64,travel_itinerary.docx,0.3069217443466187,full_carve,0.08,NOT_RETRIEVED
A64,project_report.docx,0.2805574476718903,full_carve,0.08,NOT_RETRIEVED
A64,financial_budget.pdf,0.2594645142555237,full_carve,0.08,NOT_RETRIEVED
A64,ml_research_notes.txt,0.2569794565439224,full_carve,0.08,NOT_RETRIEVED
A64,cooking_recipe.txt,0.24008502364158632,scoped_carve,0.02,NOT_RETRIEVED
A64,astronomy_article.txt,0.2367223620414734,skip,0.0,NOT_RETRIEVED
A64,cybersecurity_guide.txt,0.22868477702140808,skip,0.0,NOT_RETRIEVED
A64,climate_study.docx,0.2262464642524719,skip,0.0,NOT_RETRIEVED
A64,header_photo.jpg,0.2160447955131531,skip,0.0,PARTIAL_42pct
A64,python_tutorial.txt,0.21317027807235717,skip,0.0,PARTIAL_34pct
A64,tax_invoice.pdf,0.17710234224796295,skip,0.0,FULL
A64,hospital_note.pdf,0.1640849828720093,skip,0.0,FULL
A64,large_wallpaper.jpg,0.08949710428714752,skip,0.0,NOT_RETRIEVED
A65,football_report.txt,0.24863597750663757,full_carve,0.08,NOT_RETRIEVED
A65,hospital_note.pdf,0.20922744274139404,full_carve,0.08,NOT_RETRIEVED
A65,medium_image.jpg,0.1700816422700882,full_carve,0.08,PARTIAL_85pct
A65,python_tutorial.txt,0.16812772750854493,full_carve,0.08,NOT_RETRIEVED
A65,header_photo.jpg,0.1589779794216156,full_carve,0.08,FULL
A65,astronomy_article.txt,0.1565564453601837,full_carve,0.08,NOT_RETRIEVED
A65,climate_study.docx,0.15623880326747894,scoped_carve,0.02,NOT_RETRIEVED
A65,cybersecurity_guide.txt,0.15370970964431763,skip,0.0,NOT_RETRIEVED
A65,project_report.docx,0.1496915340423584,skip,0.0,NOT_RETRIEVED
A65,financial_budget.pdf,0.14601849764585495,skip,0.0,NOT_RETRIEVED
A65,large_wallpaper.jpg,0.1448674094863236,skip,0.0,NOT_RETRIEVED
A65,tax_invoice.pdf,0.09425344690680504,skip,0.0,FULL
A65,cooking_recipe.txt,0.08616375774145127,skip,0.0,NOT_RETRIEVED
A65,ml_research_notes.txt,0.07640970796346663,skip,0.0,NOT_RETRIEVED
A65,travel_itinerary.docx,0.06642945082858205,skip,0.0,NOT_RETRIEVED
A66,cooking_recipe.txt,0.4264688029885292,full_carve,0.08,NOT_RETRIEVED
A66,astronomy_article.txt,0.26866890490055084,full_carve,0.08,NOT_RETRIEVED
A66,financial_budget.pdf,0.2426735430955887,full_carve,0.08,NOT_RETRIEVED
A66,ml_research_notes.txt,0.23631454706192018,full_carve,0.08,NOT_RETRIEVED
A66,header_photo.jpg,0.22673810720443727,full_carve,0.08,NOT_RETRIEVED
A66,hospital_note.pdf,0.2153298705816269,full_carve,0.08,NOT_RETRIEVED
A66,cybersecurity_guide.txt,0.17625299841165543,scoped_carve,0.02,NOT_RETRIEVED
A66,project_report.docx,0.14645657539367676,skip,0.0,NOT_RETRIEVED
A66,medium_image.jpg,0.13369791805744172,skip,0.0,NOT_RETRIEVED
A66,football_report.txt,0.10009382218122483,skip,0.0,NOT_RETRIEVED
A66,large_wallpaper.jpg,0.0989522323012352,skip,0.0,NOT_RETRIEVED
A66,tax_invoice.pdf,0.0980744779109955,skip,0.0,NOT_RETRIEVED
A66,climate_study.docx,0.0939921647310257,skip,0.0,NOT_RETRIEVED
A66,python_tutorial.txt,0.08514298647642136,skip,0.0,NOT_RETRIEVED
A66,travel_itinerary.docx,0.06947716772556305,skip,0.0,NOT_RETRIEVED
A67,large_wallpaper.jpg,0.5354185461997986,full_carve,0.08,NOT_RETRIEVED
A67,tax_invoice.pdf,0.2936668261885643,full_carve,0.08,NOT_RETRIEVED
A67,cooking_recipe.txt,0.24507870674133297,full_carve,0.08,NOT_RETRIEVED
A67,ml_research_notes.txt,0.23782938122749328,full_carve,0.08,NOT_RETRIEVED
A67,medium_image.jpg,0.23381121158599855,full_carve,0.08,NOT_RETRIEVED
A67,financial_budget.pdf,0.20914554893970488,full_carve,0.08,NOT_RETRIEVED
A67,python_tutorial.txt,0.15886783152818681,scoped_carve,0.02,NOT_RETRIEVED
A67,football_report.txt,0.15355888307094573,skip,0.0,NOT_RETRIEVED
A67,hospital_note.pdf,0.15081876516342163,skip,0.0,NOT_RETRIEVED
A67,travel_itinerary.docx,0.1218233823776245,skip,0.0,NOT_RETRIEVED
A67,header_photo.jpg,0.1194831535220146,skip,0.0,NOT_RETRIEVED
A67,climate_study.docx,0.09317461922764778,skip,0.0,NOT_RETRIEVED
A67,cybersecurity_guide.txt,0.08899483531713485,skip,0.0,NOT_RETRIEVED
A67,project_report.docx,0.08626868426799775,skip,0.0,NOT_RETRIEVED
A67,astronomy_article.txt,0.06728174388408661,skip,0.0,NOT_RETRIEVED
A68,medium_image.jpg,0.25703482031822206,full_carve,0.08,NOT_RETRIEVED
A68,header_photo.jpg,0.18726579546928404,full_carve,0.08,NOT_RETRIEVED
A68,ml_research_notes.txt,0.1443696141242981,full_carve,0.08,NOT_RETRIEVED
A68,cybersecurity_guide.txt,0.14402662515640258,full_carve,0.08,NOT_RETRIEVED
A68,project_report.docx,0.1436767563223839,full_carve,0.08,NOT_RETRIEVED
A68,tax_invoice.pdf,0.14043470844626427,full_carve,0.08,NOT_RETRIEVED
A68,large_wallpaper.jpg,0.13825319781899453,scoped_carve,0.02,NOT_RETRIEVED
A68,football_report.txt,0.12282719016075135,skip,0.0,NOT_RETRIEVED
A68,astronomy_article.txt,0.1180632844567299,skip,0.0,NOT_RETRIEVED
A68,climate_study.docx,0.11176311075687409,skip,0.0,NOT_RETRIEVED
A68,hospital_note.pdf,0.10461348444223403,skip,0.0,NOT_RETRIEVED
A68,cooking_recipe.txt,0.09974790513515472,skip,0.0,NOT_RETRIEVED
A68,financial_budget.pdf,0.07976211458444596,skip,0.0,NOT_RETRIEVED
A68,python_tutorial.txt,0.0706818163394928,skip,0.0,NOT_RETRIEVED
A68,travel_itinerary.docx,0.06623134166002273,skip,0.0,NOT_RETRIEVED
A69,header_photo.jpg,0.11353613436222076,full_carve,0.08,NOT_RETRIEVED
A69,medium_image.jpg,0.11112805902957916,full_carve,0.08,PARTIAL_44pct
A69,hospital_note.pdf,0.10754821002483367,full_carve,0.08,NOT_RETRIEVED
A69,climate_study.docx,0.10232621282339097,full_carve,0.08,NOT_RETRIEVED
A69,football_report.txt,0.0965795785188675,full_carve,0.08,NOT_RETRIEVED
A69,large_wallpaper.jpg,0.09434089660644532,full_carve,0.08,NOT_RETRIEVED
A69,tax_invoice.pdf,0.09116071015596389,scoped_carve,0.02,NOT_RETRIEVED
A69,cooking_recipe.txt,0.08996310234069824,skip,0.0,NOT_RETRIEVED
A69,travel_itinerary.docx,0.08863981962203979,skip,0.0,NOT_RETRIEVED
A69,project_report.docx,0.07394628375768661,skip,0.0,NOT_RETRIEVED
A69,astronomy_article.txt,0.0738988310098648,skip,0.0,NOT_RETRIEVED
A69,financial_budget.pdf,0.06972331553697586,skip,0.0,NOT_RETRIEVED
A69,cybersecurity_guide.txt,0.06778696775436402,skip,0.0,NOT_RETRIEVED
A69,python_tutorial.txt,0.06189110279083252,skip,0.0,NOT_RETRIEVED
A69,ml_research_notes.txt,0.050317636132240294,skip,0.0,NOT_RETRIEVED
A70,cooking_recipe.txt,0.23861504793167115,full_carve,0.08,NOT_RETRIEVED
A70,python_tutorial.txt,0.2054327040910721,full_carve,0.08,NOT_RETRIEVED
A70,large_wallpaper.jpg,0.1886917591094971,full_carve,0.08,NOT_RETRIEVED
A70,cybersecurity_guide.txt,0.17126786708831787,full_carve,0.08,NOT_RETRIEVED
A70,medium_image.jpg,0.15521579384803771,full_carve,0.08,NOT_RETRIEVED
A70,financial_budget.pdf,0.13962542712688447,full_carve,0.08,NOT_RETRIEVED
A70,astronomy_article.txt,0.13519349992275237,scoped_carve,0.02,NOT_RETRIEVED
A70,ml_research_notes.txt,0.13504762053489686,skip,0.0,NOT_RETRIEVED
A70,football_report.txt,0.12767358422279357,skip,0.0,NOT_RETRIEVED
A70,header_photo.jpg,0.12035128176212309,skip,0.0,NOT_RETRIEVED
A70,tax_invoice.pdf,0.10747350454330444,skip,0.0,NOT_RETRIEVED
A70,hospital_note.pdf,0.08400003612041473,skip,0.0,NOT_RETRIEVED
A70,project_report.docx,0.07218765318393706,skip,0.0,NOT_RETRIEVED
A70,travel_itinerary.docx,0.05763972103595734,skip,0.0,NOT_RETRIEVED
A70,climate_study.docx,0.05036914646625519,skip,0.0,NOT_RETRIEVED
A71,tax_invoice.pdf,0.1560685455799103,full_carve,0.08,NOT_RETRIEVED
A71,project_report.docx,0.1387464612722397,full_carve,0.08,NOT_RETRIEVED
A71,ml_research_notes.txt,0.12530347108840945,full_carve,0.08,NOT_RETRIEVED
A71,header_photo.jpg,0.1251711905002594,full_carve,0.08,NOT_RETRIEVED
A71,large_wallpaper.jpg,0.09706945866346359,full_carve,0.08,NOT_RETRIEVED
A71,medium_image.jpg,0.08934455886483192,full_carve,0.08,NOT_RETRIEVED
A71,football_report.txt,0.07959252856671811,skip,0.0,NOT_RETRIEVED
A71,travel_itinerary.docx,0.06846473813056946,skip,0.0,NOT_RETRIEVED
A71,hospital_note.pdf,0.060565185546875,skip,0.0,NOT_RETRIEVED
A71,financial_budget.pdf,0.059925179928541183,skip,0.0,NOT_RETRIEVED
A71,climate_study.docx,0.05451648309826851,skip,0.0,NOT_RETRIEVED
A71,astronomy_article.txt,0.05444377288222313,skip,0.0,NOT_RETRIEVED
A71,cooking_recipe.txt,0.05044730678200721,skip,0.0,NOT_RETRIEVED
A71,python_tutorial.txt,0.0471553210169077,skip,0.0,NOT_RETRIEVED
A71,cybersecurity_guide.txt,0.03688115775585174,skip,0.0,NOT_RETRIEVED
A72,hospital_note.pdf,0.15715120173990726,full_carve,0.08,NOT_RETRIEVED
A72,tax_invoice.pdf,0.13447861075401307,full_carve,0.08,NOT_RETRIEVED
A72,football_report.txt,0.12457289099693297,full_carve,0.08,NOT_RETRIEVED
A72,cybersecurity_guide.txt,0.11673968732357025,full_carve,0.08,NOT_RETRIEVED
A72,large_wallpaper.jpg,0.10856230109930039,full_carve,0.08,NOT_RETRIEVED
A72,ml_research_notes.txt,0.09995266385376453,full_carve,0.08,NOT_RETRIEVED
A72,medium_image.jpg,0.09268049746751786,scoped_carve,0.02,NOT_RETRIEVED
A72,cooking_recipe.txt,0.0768078938126564,skip,0.0,NOT_RETRIEVED
A72,climate_study.docx,0.0633902482688427,skip,0.0,NOT_RETRIEVED
A72,python_tutorial.txt,0.06007252857089043,skip,0.0,NOT_RETRIEVED
A72,header_photo.jpg,0.05707007348537445,skip,0.0,NOT_RETRIEVED
A72,project_report.docx,0.05621107369661331,skip,0.0,NOT_RETRIEVED
A72,financial_budget.pdf,0.04867535680532455,skip,0.0,NOT_RETRIEVED
A72,astronomy_article.txt,0.039080497622489926,skip,0.0,NOT_RETRIEVED
A72,travel_itinerary.docx,0.03683069534599781,skip,0.0,NOT_RETRIEVED
A73,header_photo.jpg,0.8214003682136536,full_carve,0.08,FULL
A73,ml_research_notes.txt,0.770585036277771,full_carve,0.08,FULL
A73,financial_budget.pdf,0.6809111356735229,full_carve,0.08,NOT_RETRIEVED
A73,python_tutorial.txt,0.6577812194824219,full_carve,0.08,PARTIAL_54pct
A73,astronomy_article.txt,0.6186404407024384,full_carve,0.08,PARTIAL_45pct
A73,climate_study.docx,0.5425012588500977,full_carve,0.08,PARTIAL_40pct
A73,large_wallpaper.jpg,0.5381375968456268,scoped_carve,0.02,PARTIAL_37pct
A73,travel_itinerary.docx,0.5130661666393279,skip,0.0,PARTIAL_54pct
A73,cooking_recipe.txt,0.5091217815876007,skip,0.0,PARTIAL_45pct
A73,football_report.txt,0.45941172838211064,skip,0.0,PARTIAL_81pct
A73,project_report.docx,0.44422284364700315,skip,0.0,FULL
A73,cybersecurity_guide.txt,0.416019755601883,skip,0.0,FULL
A73,hospital_note.pdf,0.41344223618507386,skip,0.0,PARTIAL_38pct
A73,tax_invoice.pdf,0.4111088514328003,skip,0.0,NOT_RETRIEVED
A73,medium_image.jpg,0.3340832829475403,skip,0.0,NOT_RETRIEVED
A74,header_photo.jpg,0.6407407462596892,full_carve,0.08,FULL
A74,tax_invoice.pdf,0.6118389904499054,full_carve,0.08,PARTIAL_81pct
A74,financial_budget.pdf,0.5055026471614837,full_carve,0.08,NOT_RETRIEVED
A74,hospital_note.pdf,0.4985968589782715,full_carve,0.08,NOT_RETRIEVED
A74,medium_image.jpg,0.46754095554351804,full_carve,0.08,PARTIAL_52pct
A74,cooking_recipe.txt,0.3941483378410339,full_carve,0.08,NOT_RETRIEVED
A74,project_report.docx,0.38687881231307986,scoped_carve,0.02,PARTIAL_61pct
A74,ml_research_notes.txt,0.36151120662689207,skip,0.0,NOT_RETRIEVED
A74,travel_itinerary.docx,0.3408968448638916,skip,0.0,PARTIAL_56pct
A74,large_wallpaper.jpg,0.3221610069274902,skip,0.0,FULL
A74,climate_study.docx,0.2670763969421387,skip,0.0,NOT_RETRIEVED
A74,python_tutorial.txt,0.25444936752319336,skip,0.0,NOT_RETRIEVED
A74,astronomy_article.txt,0.24229204654693604,skip,0.0,FULL
A74,football_report.txt,0.23611574172973634,skip,0.0,FULL
A74,cybersecurity_guide.txt,0.22379305958747864,skip,0.0,FULL
A75,financial_budget.pdf,0.7924568831920623,full_carve,0.08,NOT_RETRIEVED
A75,large_wallpaper.jpg,0.6251844882965087,full_carve,0.08,FULL
A75,hospital_note.pdf,0.4733701169490814,full_carve,0.08,NOT_RETRIEVED
A75,cooking_recipe.txt,0.4259174525737762,full_carve,0.08,NOT_RETRIEVED
A75,cybersecurity_guide.txt,0.3987073481082916,full_carve,0.08,NOT_RETRIEVED
A75,header_photo.jpg,0.35827686786651614,full_carve,0.08,NOT_RETRIEVED
A75,python_tutorial.txt,0.2571207880973816,scoped_carve,0.02,NOT_RETRIEVED
A75,project_report.docx,0.2502548933029175,skip,0.0,NOT_RETRIEVED
A75,football_report.txt,0.23478376865386963,skip,0.0,NOT_RETRIEVED
A75,medium_image.jpg,0.2228890985250473,skip,0.0,NOT_RETRIEVED
A75,ml_research_notes.txt,0.22090955972671508,skip,0.0,NOT_RETRIEVED
A75,travel_itinerary.docx,0.19736567437648772,skip,0.0,FULL
A75,climate_study.docx,0.15127509087324142,skip,0.0,NOT_RETRIEVED
A75,tax_invoice.pdf,0.14458298981189727,skip,0.0,NOT_RETRIEVED
A75,astronomy_article.txt,0.1086983472108841,skip,0.0,PARTIAL_80pct
A76,tax_invoice.pdf,0.8131320714950562,full_carve,0.08,NOT_RETRIEVED
A76,financial_budget.pdf,0.7703598976135253,full_carve,0.08,FULL
A76,hospital_note.pdf,0.7588010311126709,full_carve,0.08,PARTIAL_65pct
A76,project_report.docx,0.6262406587600708,full_carve,0.08,NOT_RETRIEVED
A76,large_wallpaper.jpg,0.5991409540176391,full_carve,0.08,PARTIAL_70pct
A76,medium_image.jpg,0.5474126636981964,full_carve,0.08,FULL
A76,climate_study.docx,0.5317932665348053,scoped_carve,0.02,NOT_RETRIEVED
A76,ml_research_notes.txt,0.5276512622833252,skip,0.0,NOT_RETRIEVED
A76,astronomy_article.txt,0.5218269646167755,skip,0.0,PARTIAL_34pct
A76,travel_itinerary.docx,0.5129453063011169,skip,0.0,NOT_RETRIEVED
A76,python_tutorial.txt,0.47172620296478274,skip,0.0,PARTIAL_49pct
A76,cooking_recipe.txt,0.42552646398544314,skip,0.0,FULL
A76,cybersecurity_guide.txt,0.37518702745437627,skip,0.0,FULL
A76,football_report.txt,0.30962754487991334,skip,0.0,FULL
A76,header_photo.jpg,0.27345316410064696,skip,0.0,FULL
A77,large_wallpaper.jpg,0.6983999371528625,full_carve,0.08,NOT_RETRIEVED
A77,project_report.docx,0.674785953760147,full_carve,0.08,PARTIAL_51pct
A77,header_photo.jpg,0.6609153151512146,full_carve,0.08,NOT_RETRIEVED
A77,travel_itinerary.docx,0.59762402176857,full_carve,0.08,NOT_RETRIEVED
A77,cybersecurity_guide.txt,0.5964501619338989,full_carve,0.08,NOT_RETRIEVED
A77,medium_image.jpg,0.5909821450710296,full_carve,0.08,FULL
A77,tax_invoice.pdf,0.5179910004138946,scoped_carve,0.02,NOT_RETRIEVED
A77,financial_budget.pdf,0.5105141997337341,skip,0.0,FULL
A77,hospital_note.pdf,0.48167210817337036,skip,0.0,FULL
A77,cooking_recipe.txt,0.45667365193367004,skip,0.0,FULL
A77,climate_study.docx,0.42458817958831785,skip,0.0,NOT_RETRIEVED
A77,ml_research_notes.txt,0.4075494885444641,skip,0.0,NOT_RETRIEVED
A77,python_tutorial.txt,0.3598239660263062,skip,0.0,FULL
A77,astronomy_article.txt,0.30386744737625127,skip,0.0,NOT_RETRIEVED
A77,football_report.txt,0.11858442127704619,skip,0.0,PARTIAL_72pct
A78,travel_itinerary.docx,0.5337379276752472,full_carve,0.08,NOT_RETRIEVED
A78,project_report.docx,0.43700385093688965,full_carve,0.08,FULL
A78,cybersecurity_guide.txt,0.42586020827293397,full_carve,0.08,NOT_RETRIEVED
A78,ml_research_notes.txt,0.42273352742195125,full_carve,0.08,PARTIAL_43pct
A78,large_wallpaper.jpg,0.35957322716712947,full_carve,0.08,NOT_RETRIEVED
A78,header_photo.jpg,0.26991712450981137,full_carve,0.08,PARTIAL_75pct
A78,football_report.txt,0.2698421418666839,scoped_carve,0.02,NOT_RETRIEVED
A78,astronomy_article.txt,0.2557251453399658,skip,0.0,NOT_RETRIEVED
A78,hospital_note.pdf,0.24885935187339783,skip,0.0,PARTIAL_37pct
A78,cooking_recipe.txt,0.23818838000297549,skip,0.0,NOT_RETRIEVED
A78,medium_image.jpg,0.22254182100296022,skip,0.0,NOT_RETRIEVED
A78,python_tutorial.txt,0.19315517842769625,skip,0.0,NOT_RETRIEVED
A78,climate_study.docx,0.16957085430622099,skip,0.0,NOT_RETRIEVED
A78,financial_budget.pdf,0.150271275639534,skip,0.0,NOT_RETRIEVED
A78,tax_invoice.pdf,0.1353165924549103,skip,0.0,NOT_RETRIEVED
A79,large_wallpaper.jpg,0.8208687663078308,full_carve,0.08,PARTIAL_56pct
A79,medium_image.jpg,0.7606788098812103,full_carve,0.08,NOT_RETRIEVED
A79,ml_research_notes.txt,0.4521222591400147,full_carve,0.08,NOT_RETRIEVED
A79,hospital_note.pdf,0.44427241683006286,full_carve,0.08,FULL
A79,python_tutorial.txt,0.4278546214103699,full_carve,0.08,NOT_RETRIEVED
A79,tax_invoice.pdf,0.29002695083618163,full_carve,0.08,NOT_RETRIEVED
A79,astronomy_article.txt,0.2578606903553009,scoped_carve,0.02,FULL
A79,header_photo.jpg,0.25474666953086855,skip,0.0,NOT_RETRIEVED
A79,travel_itinerary.docx,0.2539175465703011,skip,0.0,NOT_RETRIEVED
A79,football_report.txt,0.24547816514968873,skip,0.0,NOT_RETRIEVED
A79,financial_budget.pdf,0.1999211847782135,skip,0.0,NOT_RETRIEVED
A79,cooking_recipe.txt,0.17908410727977753,skip,0.0,NOT_RETRIEVED
A79,cybersecurity_guide.txt,0.15743190348148348,skip,0.0,NOT_RETRIEVED
A79,project_report.docx,0.11545494496822357,skip,0.0,NOT_RETRIEVED
A79,climate_study.docx,0.10709248781204223,skip,0.0,NOT_RETRIEVED
A80,large_wallpaper.jpg,0.4716090619564056,full_carve,0.08,PARTIAL_79pct
A80,hospital_note.pdf,0.3845273643732071,full_carve,0.08,NOT_RETRIEVED
A80,astronomy_article.txt,0.2803215801715851,full_carve,0.08,NOT_RETRIEVED
A80,ml_research_notes.txt,0.23505885601043702,full_carve,0.08,FULL
A80,financial_budget.pdf,0.23329938650131227,full_carve,0.08,NOT_RETRIEVED
A80,python_tutorial.txt,0.2298223078250885,full_carve,0.08,NOT_RETRIEVED
A80,header_photo.jpg,0.21669210195541383,scoped_carve,0.02,NOT_RETRIEVED
A80,cybersecurity_guide.txt,0.20957416594028472,skip,0.0,NOT_RETRIEVED
A80,medium_image.jpg,0.1928351163864136,skip,0.0,PARTIAL_62pct
A80,tax_invoice.pdf,0.13372549414634705,skip,0.0,PARTIAL_36pct
A80,football_report.txt,0.13283212780952453,skip,0.0,NOT_RETRIEVED
A80,travel_itinerary.docx,0.12221792340278625,skip,0.0,NOT_RETRIEVED
A80,project_report.docx,0.10694502741098404,skip,0.0,NOT_RETRIEVED
A80,cooking_recipe.txt,0.10428417921066283,skip,0.0,FULL
A80,climate_study.docx,0.09454186707735063,skip,0.0,NOT_RETRIEVED
A81,large_wallpaper.jpg,0.20868141651153566,full_carve,0.08,FULL
A81,hospital_note.pdf,0.1675318405032158,full_carve,0.08,NOT_RETRIEVED
A81,cooking_recipe.txt,0.1625534325838089,full_carve,0.08,NOT_RETRIEVED
A81,astronomy_article.txt,0.15222013294696807,full_carve,0.08,NOT_RETRIEVED
A81,cybersecurity_guide.txt,0.13336970210075377,full_carve,0.08,PARTIAL_60pct
A81,travel_itinerary.docx,0.11767576336860658,full_carve,0.08,NOT_RETRIEVED
A81,climate_study.docx,0.11364139914512633,scoped_carve,0.02,NOT_RETRIEVED
A81,python_tutorial.txt,0.09631807804107667,skip,0.0,NOT_RETRIEVED
A81,tax_invoice.pdf,0.09327548444271087,skip,0.0,NOT_RETRIEVED
A81,financial_budget.pdf,0.09094027280807496,skip,0.0,NOT_RETRIEVED
A81,ml_research_notes.txt,0.08224521577358246,skip,0.0,NOT_RETRIEVED
A81,football_report.txt,0.08153501152992249,skip,0.0,NOT_RETRIEVED
A81,project_report.docx,0.07654799520969391,skip,0.0,NOT_RETRIEVED
A81,header_photo.jpg,0.07279125303030014,skip,0.0,FULL
A81,medium_image.jpg,0.06863512359559536,skip,0.0,NOT_RETRIEVED
A82,astronomy_article.txt,0.4547950208187103,full_carve,0.08,NOT_RETRIEVED
A82,large_wallpaper.jpg,0.36597890853881837,full_carve,0.08,FULL
A82,medium_image.jpg,0.26217387318611146,full_carve,0.08,PARTIAL_69pct
A82,project_report.docx,0.2521283447742462,full_carve,0.08,NOT_RETRIEVED
A82,football_report.txt,0.24397012591362,full_carve,0.08,NOT_RETRIEVED
A82,python_tutorial.txt,0.24287127256393434,full_carve,0.08,NOT_RETRIEVED
A82,ml_research_notes.txt,0.2413708448410034,scoped_carve,0.02,NOT_RETRIEVED
A82,financial_budget.pdf,0.23940456509590152,skip,0.0,NOT_RETRIEVED
A82,tax_invoice.pdf,0.2354094684123993,skip,0.0,NOT_RETRIEVED
A82,cybersecurity_guide.txt,0.21401650607585906,skip,0.0,NOT_RETRIEVED
A82,travel_itinerary.docx,0.2048564493656158,skip,0.0,FULL
A82,cooking_recipe.txt,0.19058691561222074,skip,0.0,NOT_RETRIEVED
A82,header_photo.jpg,0.18435976505279542,skip,0.0,NOT_RETRIEVED
A82,hospital_note.pdf,0.1237968772649765,skip,0.0,NOT_RETRIEVED
A82,climate_study.docx,0.08484329283237457,skip,0.0,NOT_RETRIEVED
A83,large_wallpaper.jpg,0.44917917251586914,full_carve,0.08,NOT_RETRIEVED
A83,medium_image.jpg,0.23688902854919433,full_carve,0.08,NOT_RETRIEVED
A83,header_photo.jpg,0.2047736495733261,full_carve,0.08,NOT_RETRIEVED
A83,cooking_recipe.txt,0.11528436839580536,full_carve,0.08,NOT_RETRIEVED
A83,hospital_note.pdf,0.1046921044588089,full_carve,0.08,NOT_RETRIEVED
A83,cybersecurity_guide.txt,0.09811095893383026,full_carve,0.08,NOT_RETRIEVED
A83,tax_invoice.pdf,0.09294738322496414,scoped_carve,0.02,NOT_RETRIEVED
A83,travel_itinerary.docx,0.09285196959972382,skip,0.0,NOT_RETRIEVED
A83,astronomy_article.txt,0.09216779321432114,skip,0.0,NOT_RETRIEVED
A83,project_report.docx,0.08472411185503007,skip,0.0,NOT_RETRIEVED
A83,ml_research_notes.txt,0.07627943158149719,skip,0.0,NOT_RETRIEVED
A83,financial_budget.pdf,0.07305441647768021,skip,0.0,NOT_RETRIEVED
A83,python_tutorial.txt,0.07126608490943909,skip,0.0,NOT_RETRIEVED
A83,football_report.txt,0.06686801016330719,skip,0.0,NOT_RETRIEVED
A83,climate_study.docx,0.055883517861366264,skip,0.0,NOT_RETRIEVED
A84,large_wallpaper.jpg,0.2892822325229645,full_carve,0.08,NOT_RETRIEVED
A84,cybersecurity_guide.txt,0.2285647839307785,full_carve,0.08,NOT_RETRIEVED
A84,cooking_recipe.txt,0.18513689637184144,full_carve,0.08,NOT_RETRIEVED
A84,python_tutorial.txt,0.12193376421928405,full_carve,0.08,NOT_RETRIEVED
A84,astronomy_article.txt,0.10332859158515931,full_carve,0.08,NOT_RETRIEVED
A84,ml_research_notes.txt,0.10115474909543991,full_carve,0.08,NOT_RETRIEVED
A84,football_report.txt,0.09302528500556945,scoped_carve,0.02,NOT_RETRIEVED
A84,climate_study.docx,0.09273577779531479,skip,0.0,NOT_RETRIEVED
A84,medium_image.jpg,0.08409215360879899,skip,0.0,NOT_RETRIEVED
A84,header_photo.jpg,0.08128373548388482,skip,0.0,NOT_RETRIEVED
A84,financial_budget.pdf,0.07848185002803804,skip,0.0,NOT_RETRIEVED
A84,travel_itinerary.docx,0.06869786977767944,skip,0.0,NOT_RETRIEVED
A84,tax_invoice.pdf,0.06501308307051659,skip,0.0,NOT_RETRIEVED
A84,hospital_note.pdf,0.05569603443145752,skip,0.0,NOT_RETRIEVED
A84,project_report.docx,0.054620325565338135,skip,0.0,NOT_RETRIEVED
C01,header_photo.jpg,0.06984951086342335,skip,0.0,NOT_RETRIEVED
C01,astronomy_article.txt,0.06782224991804923,skip,0.0,NOT_RETRIEVED
C01,travel_itinerary.docx,0.04925390438622799,skip,0.0,NOT_RETRIEVED
C01,cooking_recipe.txt,0.047974358065789605,skip,0.0,NOT_RETRIEVED
C01,climate_study.docx,0.047310678786402605,skip,0.0,NOT_RETRIEVED
C01,project_report.docx,0.0448757141828537,skip,0.0,NOT_RETRIEVED
C01,financial_budget.pdf,0.03920254963450134,skip,0.0,NOT_RETRIEVED
C01,hospital_note.pdf,0.03841702877543867,skip,0.0,NOT_RETRIEVED
C01,tax_invoice.pdf,0.03510231375694275,skip,0.0,NOT_RETRIEVED
C01,medium_image.jpg,0.029065310955047607,skip,0.0,NOT_RETRIEVED
C01,football_report.txt,0.023785924119874832,skip,0.0,NOT_RETRIEVED
C01,cybersecurity_guide.txt,0.01596304546110332,skip,0.0,NOT_RETRIEVED
C01,python_tutorial.txt,0.015228813886642456,skip,0.0,NOT_RETRIEVED
C01,ml_research_notes.txt,0.013458481431007386,skip,0.0,NOT_RETRIEVED
C01,large_wallpaper.jpg,0.008255271552866362,skip,0.0,NOT_RETRIEVED
C02,travel_itinerary.docx,0.058294616080820566,skip,0.0,NOT_RETRIEVED
C02,header_photo.jpg,0.054648756980895996,skip,0.0,NOT_RETRIEVED
C02,tax_invoice.pdf,0.04584157764911652,skip,0.0,NOT_RETRIEVED
C02,hospital_note.pdf,0.041942119551822546,skip,0.0,NOT_RETRIEVED
C02,football_report.txt,0.04067660344007891,skip,0.0,NOT_RETRIEVED
C02,medium_image.jpg,0.034999255682146214,skip,0.0,NOT_RETRIEVED
C02,cooking_recipe.txt,0.03099712133407593,skip,0.0,NOT_RETRIEVED
C02,ml_research_notes.txt,0.030521735548973083,skip,0.0,NOT_RETRIEVED
C02,astronomy_article.txt,0.017383740656077864,skip,0.0,NOT_RETRIEVED
C02,cybersecurity_guide.txt,0.01724154450930655,skip,0.0,NOT_RETRIEVED
C02,python_tutorial.txt,0.01656295657157898,skip,0.0,NOT_RETRIEVED
C02,project_report.docx,0.016150256572291254,skip,0.0,NOT_RETRIEVED
C02,climate_study.docx,0.01545878052711487,skip,0.0,NOT_RETRIEVED
C02,large_wallpaper.jpg,0.014737559854984284,skip,0.0,NOT_RETRIEVED
C02,financial_budget.pdf,0.011283553345128894,skip,0.0,NOT_RETRIEVED
C03,header_photo.jpg,0.05570857748389244,skip,0.0,NOT_RETRIEVED
C03,football_report.txt,0.04884384721517563,skip,0.0,NOT_RETRIEVED
C03,hospital_note.pdf,0.04641513731330634,skip,0.0,NOT_RETRIEVED
C03,financial_budget.pdf,0.04488780107349158,skip,0.0,NOT_RETRIEVED
C03,project_report.docx,0.04314090013504029,skip,0.0,NOT_RETRIEVED
C03,astronomy_article.txt,0.042003380879759786,skip,0.0,NOT_RETRIEVED
C03,python_tutorial.txt,0.03931943497154862,skip,0.0,NOT_RETRIEVED
C03,cooking_recipe.txt,0.039103236794471745,skip,0.0,NOT_RETRIEVED
C03,medium_image.jpg,0.03166345331119373,skip,0.0,NOT_RETRIEVED
C03,tax_invoice.pdf,0.030252656340599062,skip,0.0,NOT_RETRIEVED
C03,travel_itinerary.docx,0.022837983071804048,skip,0.0,NOT_RETRIEVED
C03,climate_study.docx,0.022658783197402957,skip,0.0,NOT_RETRIEVED
C03,ml_research_notes.txt,0.02078089471906424,skip,0.0,NOT_RETRIEVED
C03,large_wallpaper.jpg,0.014810268953442575,skip,0.0,NOT_RETRIEVED
C03,cybersecurity_guide.txt,0.012280889786779882,skip,0.0,NOT_RETRIEVED
C04,climate_study.docx,0.07692753672599793,skip,0.0,NOT_RETRIEVED
C04,hospital_note.pdf,0.06532707903534174,skip,0.0,NOT_RETRIEVED
C04,astronomy_article.txt,0.05998294123894539,skip,0.0,NOT_RETRIEVED
C04,cooking_recipe.txt,0.05965738892555237,skip,0.0,NOT_RETRIEVED
C04,tax_invoice.pdf,0.050050898953145406,skip,0.0,NOT_RETRIEVED
C04,header_photo.jpg,0.04259442128241063,skip,0.0,NOT_RETRIEVED
C04,travel_itinerary.docx,0.04172232747077942,skip,0.0,NOT_RETRIEVED
C04,medium_image.jpg,0.04052566960453987,skip,0.0,NOT_RETRIEVED
C04,financial_budget.pdf,0.0384578937664628,skip,0.0,NOT_RETRIEVED
C04,project_report.docx,0.03816423714160919,skip,0.0,NOT_RETRIEVED
C04,cybersecurity_guide.txt,0.03800476789474488,skip,0.0,NOT_RETRIEVED
C04,python_tutorial.txt,0.03738746643066406,skip,0.0,NOT_RETRIEVED
C04,football_report.txt,0.033636273443698884,skip,0.0,NOT_RETRIEVED
C04,large_wallpaper.jpg,0.020841424725949763,skip,0.0,NOT_RETRIEVED
C04,ml_research_notes.txt,0.020013178093358876,skip,0.0,NOT_RETRIEVED
C05,medium_image.jpg,0.09556780820712447,full_carve,0.08,NOT_RETRIEVED
C05,project_report.docx,0.09404231142252684,full_carve,0.08,NOT_RETRIEVED
C05,header_photo.jpg,0.09041715813800694,full_carve,0.08,NOT_RETRIEVED
C05,hospital_note.pdf,0.07213616408407687,skip,0.0,NOT_RETRIEVED
C05,astronomy_article.txt,0.05757295340299607,skip,0.0,NOT_RETRIEVED
C05,football_report.txt,0.05364941135048867,skip,0.0,NOT_RETRIEVED
C05,cooking_recipe.txt,0.047657586634159095,skip,0.0,NOT_RETRIEVED
C05,ml_research_notes.txt,0.044265010952949525,skip,0.0,NOT_RETRIEVED
C05,cybersecurity_guide.txt,0.04203811287879944,skip,0.0,NOT_RETRIEVED
C05,python_tutorial.txt,0.030417980626225475,skip,0.0,NOT_RETRIEVED
C05,climate_study.docx,0.027014371752738953,skip,0.0,NOT_RETRIEVED
C05,travel_itinerary.docx,0.027013620734214785,skip,0.0,NOT_RETRIEVED
C05,financial_budget.pdf,0.02032795730046928,skip,0.0,NOT_RETRIEVED
C05,tax_invoice.pdf,0.019973901612684128,skip,0.0,NOT_RETRIEVED
C05,large_wallpaper.jpg,0.0036501178401522343,skip,0.0,NOT_RETRIEVED
C06,medium_image.jpg,0.05935262516140938,skip,0.0,NOT_RETRIEVED
C06,project_report.docx,0.05544053018093109,skip,0.0,NOT_RETRIEVED
C06,header_photo.jpg,0.0513762403279543,skip,0.0,NOT_RETRIEVED
C06,hospital_note.pdf,0.04176886677742005,skip,0.0,NOT_RETRIEVED
C06,climate_study.docx,0.03761924635618925,skip,0.0,NOT_RETRIEVED
C06,python_tutorial.txt,0.03366631288081408,skip,0.0,NOT_RETRIEVED
C06,travel_itinerary.docx,0.0325619024282787,skip,0.0,NOT_RETRIEVED
C06,financial_budget.pdf,0.031793490052223206,skip,0.0,NOT_RETRIEVED
C06,tax_invoice.pdf,0.03176645040512085,skip,0.0,NOT_RETRIEVED
C06,cybersecurity_guide.txt,0.03076201975345612,skip,0.0,NOT_RETRIEVED
C06,cooking_recipe.txt,0.027208553958917036,skip,0.0,NOT_RETRIEVED
C06,large_wallpaper.jpg,0.009758969768881798,skip,0.0,NOT_RETRIEVED
C06,ml_research_notes.txt,0.006710997922345996,skip,0.0,NOT_RETRIEVED
C06,astronomy_article.txt,0.005113678530324251,skip,0.0,NOT_RETRIEVED
C06,football_report.txt,0.0050258495961315935,skip,0.0,NOT_RETRIEVED
C07,financial_budget.pdf,0.08256199806928635,full_carve,0.08,NOT_RETRIEVED
C07,astronomy_article.txt,0.07893940403591843,skip,0.0,NOT_RETRIEVED
C07,cybersecurity_guide.txt,0.07135615944862365,skip,0.0,NOT_RETRIEVED
C07,hospital_note.pdf,0.05770142730325461,skip,0.0,NOT_RETRIEVED
C07,football_report.txt,0.0515667662024498,skip,0.0,NOT_RETRIEVED
C07,climate_study.docx,0.04845749139785767,skip,0.0,NOT_RETRIEVED
C07,cooking_recipe.txt,0.03832114639226347,skip,0.0,NOT_RETRIEVED
C07,python_tutorial.txt,0.03717642854899168,skip,0.0,NOT_RETRIEVED
C07,ml_research_notes.txt,0.03717642854899168,skip,0.0,NOT_RETRIEVED
C07,header_photo.jpg,0.03652389228809625,skip,0.0,NOT_RETRIEVED
C07,project_report.docx,0.03535185473156162,skip,0.0,NOT_RETRIEVED
C07,travel_itinerary.docx,0.03465740294195711,skip,0.0,NOT_RETRIEVED
C07,medium_image.jpg,0.03191911401227116,skip,0.0,NOT_RETRIEVED
C07,tax_invoice.pdf,0.029800263047218323,skip,0.0,NOT_RETRIEVED
C07,large_wallpaper.jpg,0.024144524149596693,skip,0.0,NOT_RETRIEVED
C08,project_report.docx,0.05181475523859263,skip,0.0,NOT_RETRIEVED
C08,header_photo.jpg,0.04525129646062852,skip,0.0,NOT_RETRIEVED
C08,financial_budget.pdf,0.04511556729921722,skip,0.0,NOT_RETRIEVED
C08,football_report.txt,0.04259551297873259,skip,0.0,NOT_RETRIEVED
C08,tax_invoice.pdf,0.03275911211967468,skip,0.0,NOT_RETRIEVED
C08,large_wallpaper.jpg,0.026892734318971635,skip,0.0,NOT_RETRIEVED
C08,ml_research_notes.txt,0.022345877531915904,skip,0.0,NOT_RETRIEVED
C08,travel_itinerary.docx,0.021396981924772265,skip,0.0,NOT_RETRIEVED
C08,cooking_recipe.txt,0.021263711154460907,skip,0.0,NOT_RETRIEVED
C08,hospital_note.pdf,0.021193482261151076,skip,0.0,NOT_RETRIEVED
C08,cybersecurity_guide.txt,0.018356236815452575,skip,0.0,NOT_RETRIEVED
C08,medium_image.jpg,0.017985078506171703,skip,0.0,NOT_RETRIEVED
C08,python_tutorial.txt,0.01581601440848317,skip,0.0,NOT_RETRIEVED
C08,climate_study.docx,0.014889448881149292,skip,0.0,NOT_RETRIEVED
C08,astronomy_article.txt,0.013763447455130518,skip,0.0,NOT_RETRIEVED
C09,tax_invoice.pdf,0.034838009926170345,skip,0.0,NOT_RETRIEVED
C09,header_photo.jpg,0.027633055951446297,skip,0.0,NOT_RETRIEVED
C09,climate_study.docx,0.019397441111505032,skip,0.0,NOT_RETRIEVED
C09,ml_research_notes.txt,0.018664650345453993,skip,0.0,NOT_RETRIEVED
C09,cooking_recipe.txt,0.01860356628894806,skip,0.0,NOT_RETRIEVED
C09,travel_itinerary.docx,0.0184787318110466,skip,0.0,NOT_RETRIEVED
C09,project_report.docx,0.018412238894961776,skip,0.0,NOT_RETRIEVED
C09,python_tutorial.txt,0.01737857043990516,skip,0.0,NOT_RETRIEVED
C09,football_report.txt,0.013256677447498078,skip,0.0,NOT_RETRIEVED
C09,medium_image.jpg,0.009260607417672874,skip,0.0,NOT_RETRIEVED
C09,large_wallpaper.jpg,0.00720528374076821,skip,0.0,NOT_RETRIEVED
C09,astronomy_article.txt,0.004331655304122251,skip,0.0,NOT_RETRIEVED
C09,financial_budget.pdf,0.003141213580965996,skip,0.0,NOT_RETRIEVED
C09,hospital_note.pdf,0.0031408730894327166,skip,0.0,NOT_RETRIEVED
C09,cybersecurity_guide.txt,0.0010656927712261678,skip,0.0,NOT_RETRIEVED
C10,python_tutorial.txt,0.05200943951349473,skip,0.0,NOT_RETRIEVED
C10,astronomy_article.txt,0.050216988660395145,skip,0.0,NOT_RETRIEVED
C10,ml_research_notes.txt,0.048052117228507996,skip,0.0,NOT_RETRIEVED
C10,tax_invoice.pdf,0.039965465664863586,skip,0.0,NOT_RETRIEVED
C10,climate_study.docx,0.03916353201493621,skip,0.0,NOT_RETRIEVED
C10,project_report.docx,0.03882432579994202,skip,0.0,NOT_RETRIEVED
C10,cybersecurity_guide.txt,0.038715905696153644,skip,0.0,NOT_RETRIEVED
C10,football_report.txt,0.03761725313961506,skip,0.0,NOT_RETRIEVED
C10,hospital_note.pdf,0.03059441454242915,skip,0.0,NOT_RETRIEVED
C10,financial_budget.pdf,0.02905053235590458,skip,0.0,NOT_RETRIEVED
C10,travel_itinerary.docx,0.023842444487672764,skip,0.0,NOT_RETRIEVED
C10,cooking_recipe.txt,0.021699594333767894,skip,0.0,NOT_RETRIEVED
C10,header_photo.jpg,0.020608226473268588,skip,0.0,NOT_RETRIEVED
C10,medium_image.jpg,0.02043375395005569,skip,0.0,NOT_RETRIEVED
C10,large_wallpaper.jpg,0.012493538993294351,skip,0.0,NOT_RETRIEVED
C11,medium_image.jpg,0.04573898371309042,skip,0.0,NOT_RETRIEVED
C11,project_report.docx,0.04259108006954193,skip,0.0,NOT_RETRIEVED
C11,header_photo.jpg,0.03159654861083254,skip,0.0,NOT_RETRIEVED
C11,python_tutorial.txt,0.030832667395588945,skip,0.0,NOT_RETRIEVED
C11,financial_budget.pdf,0.01935145891038701,skip,0.0,NOT_RETRIEVED
C11,hospital_note.pdf,0.019305686652660373,skip,0.0,NOT_RETRIEVED
C11,large_wallpaper.jpg,0.016874512657523155,skip,0.0,NOT_RETRIEVED
C11,football_report.txt,0.01684582829475403,skip,0.0,NOT_RETRIEVED
C11,cooking_recipe.txt,0.01629300575950765,skip,0.0,NOT_RETRIEVED
C11,travel_itinerary.docx,0.016152474284172057,skip,0.0,NOT_RETRIEVED
C11,ml_research_notes.txt,0.013950033972651,skip,0.0,NOT_RETRIEVED
C11,astronomy_article.txt,0.013860922607273098,skip,0.0,NOT_RETRIEVED
C11,cybersecurity_guide.txt,0.01322600499042892,skip,0.0,NOT_RETRIEVED
C11,climate_study.docx,0.00975058414041996,skip,0.0,NOT_RETRIEVED
C11,tax_invoice.pdf,0.009714630246162415,skip,0.0,NOT_RETRIEVED
C12,header_photo.jpg,0.022216844558715823,skip,0.0,NOT_RETRIEVED
C12,python_tutorial.txt,0.021734030405059456,skip,0.0,NOT_RETRIEVED
C12,football_report.txt,0.021665216982364656,skip,0.0,NOT_RETRIEVED
C12,hospital_note.pdf,0.01852833032608032,skip,0.0,NOT_RETRIEVED
C12,tax_invoice.pdf,0.018527284264564514,skip,0.0,NOT_RETRIEVED
C12,climate_study.docx,0.01691162157803774,skip,0.0,NOT_RETRIEVED
C12,travel_itinerary.docx,0.01526823937892914,skip,0.0,NOT_RETRIEVED
C12,ml_research_notes.txt,0.010397815983742476,skip,0.0,NOT_RETRIEVED
C12,cooking_recipe.txt,0.009493999669939513,skip,0.0,NOT_RETRIEVED
C12,cybersecurity_guide.txt,0.007682024242967601,skip,0.0,NOT_RETRIEVED
C12,astronomy_article.txt,0.007233972589165206,skip,0.0,NOT_RETRIEVED
C12,medium_image.jpg,0.006277858605608344,skip,0.0,NOT_RETRIEVED
C12,large_wallpaper.jpg,0.0031533285626210274,skip,0.0,NOT_RETRIEVED
C12,financial_budget.pdf,0.0021811660379171373,skip,0.0,NOT_RETRIEVED
C12,project_report.docx,0.0017058223485946656,skip,0.0,NOT_RETRIEVED
C13,astronomy_article.txt,0.04152386300265789,skip,0.0,NOT_RETRIEVED
C13,financial_budget.pdf,0.03945334553718567,skip,0.0,NOT_RETRIEVED
C13,football_report.txt,0.03944856766611338,skip,0.0,NOT_RETRIEVED
C13,project_report.docx,0.03626739010214806,skip,0.0,NOT_RETRIEVED
C13,ml_research_notes.txt,0.03576041162014008,skip,0.0,NOT_RETRIEVED
C13,python_tutorial.txt,0.03576041162014008,skip,0.0,NOT_RETRIEVED
C13,cybersecurity_guide.txt,0.034685457497835165,skip,0.0,NOT_RETRIEVED
C13,climate_study.docx,0.033995438087731596,skip,0.0,NOT_RETRIEVED
C13,travel_itinerary.docx,0.03198133632540703,skip,0.0,NOT_RETRIEVED
C13,hospital_note.pdf,0.02983499951660633,skip,0.0,NOT_RETRIEVED
C13,medium_image.jpg,0.022406044974923132,skip,0.0,NOT_RETRIEVED
C13,cooking_recipe.txt,0.019716691970825196,skip,0.0,NOT_RETRIEVED
C13,tax_invoice.pdf,0.014836639165878296,skip,0.0,NOT_RETRIEVED
C13,header_photo.jpg,0.012173210037872197,skip,0.0,NOT_RETRIEVED
C13,large_wallpaper.jpg,0.008689335733652114,skip,0.0,NOT_RETRIEVED
C14,project_report.docx,0.0324163168668747,skip,0.0,NOT_RETRIEVED
C14,football_report.txt,0.0223986878991127,skip,0.0,NOT_RETRIEVED
C14,hospital_note.pdf,0.01849329620599747,skip,0.0,NOT_RETRIEVED
C14,tax_invoice.pdf,0.01638938467949629,skip,0.0,NOT_RETRIEVED
C14,financial_budget.pdf,0.014902086555957796,skip,0.0,NOT_RETRIEVED
C14,climate_study.docx,0.014299307763576508,skip,0.0,NOT_RETRIEVED
C14,header_photo.jpg,0.013233886659145357,skip,0.0,NOT_RETRIEVED
C14,cybersecurity_guide.txt,0.01102154552936554,skip,0.0,NOT_RETRIEVED
C14,medium_image.jpg,0.010539224930107593,skip,0.0,NOT_RETRIEVED
C14,travel_itinerary.docx,0.007834836840629578,skip,0.0,NOT_RETRIEVED
C14,python_tutorial.txt,0.007429592311382294,skip,0.0,NOT_RETRIEVED
C14,cooking_recipe.txt,0.006435101246461273,skip,0.0,NOT_RETRIEVED
C14,astronomy_article.txt,0.004474492650479079,skip,0.0,NOT_RETRIEVED
C14,ml_research_notes.txt,0.0036005828529596332,skip,0.0,NOT_RETRIEVED
C14,large_wallpaper.jpg,0.0006682795938104391,skip,0.0,NOT_RETRIEVED
C15,hospital_note.pdf,0.022526931390166285,skip,0.0,NOT_RETRIEVED
C15,tax_invoice.pdf,0.022398947179317476,skip,0.0,NOT_RETRIEVED
C15,header_photo.jpg,0.016866202652454376,skip,0.0,NOT_RETRIEVED
C15,climate_study.docx,0.015757577400654556,skip,0.0,NOT_RETRIEVED
C15,project_report.docx,0.014691539108753204,skip,0.0,NOT_RETRIEVED
C15,financial_budget.pdf,0.013029874488711356,skip,0.0,NOT_RETRIEVED
C15,travel_itinerary.docx,0.012012082338333131,skip,0.0,NOT_RETRIEVED
C15,football_report.txt,0.011473861429840327,skip,0.0,NOT_RETRIEVED
C15,large_wallpaper.jpg,0.009303795546293259,skip,0.0,NOT_RETRIEVED
C15,medium_image.jpg,0.0053494565188884746,skip,0.0,NOT_RETRIEVED
C15,python_tutorial.txt,0.0015928020700812342,skip,0.0,NOT_RETRIEVED
C15,ml_research_notes.txt,0.0015928020700812342,skip,0.0,NOT_RETRIEVED
C15,astronomy_article.txt,0.0014552244916558267,skip,0.0,NOT_RETRIEVED
C15,cybersecurity_guide.txt,0.0014090694137848915,skip,0.0,NOT_RETRIEVED
C15,cooking_recipe.txt,0.0011831029318273068,skip,0.0,NOT_RETRIEVED
C16,medium_image.jpg,0.0689613714814186,skip,0.0,NOT_RETRIEVED
C16,header_photo.jpg,0.05553919188678264,skip,0.0,NOT_RETRIEVED
C16,hospital_note.pdf,0.04159908816218376,skip,0.0,NOT_RETRIEVED
C16,travel_itinerary.docx,0.03505010902881622,skip,0.0,NOT_RETRIEVED
C16,financial_budget.pdf,0.03392673246562481,skip,0.0,NOT_RETRIEVED
C16,football_report.txt,0.033837999869138005,skip,0.0,NOT_RETRIEVED
C16,python_tutorial.txt,0.02914901077747345,skip,0.0,NOT_RETRIEVED
C16,tax_invoice.pdf,0.024551890417933465,skip,0.0,NOT_RETRIEVED
C16,project_report.docx,0.0202279269695282,skip,0.0,NOT_RETRIEVED
C16,cooking_recipe.txt,0.02014027833938599,skip,0.0,NOT_RETRIEVED
C16,cybersecurity_guide.txt,0.01996253877878189,skip,0.0,NOT_RETRIEVED
C16,astronomy_article.txt,0.01748401075601578,skip,0.0,NOT_RETRIEVED
C16,climate_study.docx,0.017119172937236728,skip,0.0,NOT_RETRIEVED
C16,ml_research_notes.txt,0.013884280156344176,skip,0.0,NOT_RETRIEVED
C16,large_wallpaper.jpg,0.00047793335106689484,skip,0.0,NOT_RETRIEVED
C17,medium_image.jpg,0.041956281848251814,skip,0.0,NOT_RETRIEVED
C17,climate_study.docx,0.03789633448468521,skip,0.0,NOT_RETRIEVED
C17,header_photo.jpg,0.036280515417456624,skip,0.0,NOT_RETRIEVED
C17,financial_budget.pdf,0.03082476742565632,skip,0.0,NOT_RETRIEVED
C17,hospital_note.pdf,0.029714524187147616,skip,0.0,NOT_RETRIEVED
C17,football_report.txt,0.028307565301656724,skip,0.0,NOT_RETRIEVED
C17,ml_research_notes.txt,0.023717643320560457,skip,0.0,NOT_RETRIEVED
C17,cooking_recipe.txt,0.02370605915784836,skip,0.0,NOT_RETRIEVED
C17,large_wallpaper.jpg,0.02002173229120672,skip,0.0,NOT_RETRIEVED
C17,travel_itinerary.docx,0.019548903405666354,skip,0.0,NOT_RETRIEVED
C17,cybersecurity_guide.txt,0.017358189821243288,skip,0.0,NOT_RETRIEVED
C17,astronomy_article.txt,0.014707257653935815,skip,0.0,NOT_RETRIEVED
C17,tax_invoice.pdf,0.014578192308545113,skip,0.0,NOT_RETRIEVED
C17,project_report.docx,0.013456113543361426,skip,0.0,NOT_RETRIEVED
C17,python_tutorial.txt,0.004473671689629555,skip,0.0,NOT_RETRIEVED
C18,financial_budget.pdf,0.02855676949839108,skip,0.0,NOT_RETRIEVED
C18,tax_invoice.pdf,0.028511297702789307,skip,0.0,NOT_RETRIEVED
C18,hospital_note.pdf,0.02850327789783478,skip,0.0,NOT_RETRIEVED
C18,cybersecurity_guide.txt,0.026233160495758058,skip,0.0,NOT_RETRIEVED
C18,medium_image.jpg,0.02093049678951502,skip,0.0,NOT_RETRIEVED
C18,project_report.docx,0.018802266009151938,skip,0.0,NOT_RETRIEVED
C18,python_tutorial.txt,0.018472365196794273,skip,0.0,NOT_RETRIEVED
C18,ml_research_notes.txt,0.018472365196794273,skip,0.0,NOT_RETRIEVED
C18,climate_study.docx,0.01845424622297287,skip,0.0,NOT_RETRIEVED
C18,travel_itinerary.docx,0.018453799188137054,skip,0.0,NOT_RETRIEVED
C18,cooking_recipe.txt,0.01727933343499899,skip,0.0,NOT_RETRIEVED
C18,football_report.txt,0.01558707356452942,skip,0.0,NOT_RETRIEVED
C18,header_photo.jpg,0.0041194304823875426,skip,0.0,NOT_RETRIEVED
C18,astronomy_article.txt,0.0010196863673627378,skip,0.0,NOT_RETRIEVED
C18,large_wallpaper.jpg,0.00023616753751412036,skip,0.0,NOT_RETRIEVED
C19,cybersecurity_guide.txt,0.019760367274284363,skip,0.0,NOT_RETRIEVED
C19,astronomy_article.txt,0.015204092860221863,skip,0.0,NOT_RETRIEVED
C19,climate_study.docx,0.013272888958454132,skip,0.0,NOT_RETRIEVED
C19,tax_invoice.pdf,0.012478195875883103,skip,0.0,NOT_RETRIEVED
C19,cooking_recipe.txt,0.012477325927466153,skip,0.0,NOT_RETRIEVED
C19,hospital_note.pdf,0.012475278973579407,skip,0.0,NOT_RETRIEVED
C19,financial_budget.pdf,0.011739178001880646,skip,0.0,NOT_RETRIEVED
C19,python_tutorial.txt,0.011601705104112625,skip,0.0,NOT_RETRIEVED
C19,ml_research_notes.txt,0.011601705104112625,skip,0.0,NOT_RETRIEVED
C19,project_report.docx,0.010693460609763861,skip,0.0,NOT_RETRIEVED
C19,football_report.txt,0.010659011453390122,skip,0.0,NOT_RETRIEVED
C19,header_photo.jpg,0.010116196423768998,skip,0.0,NOT_RETRIEVED
C19,travel_itinerary.docx,0.0066259391605854034,skip,0.0,NOT_RETRIEVED
C19,medium_image.jpg,0.0019642895553261043,skip,0.0,NOT_RETRIEVED
C19,large_wallpaper.jpg,0.0019233923638239505,skip,0.0,NOT_RETRIEVED
C20,travel_itinerary.docx,0.015084080398082733,skip,0.0,NOT_RETRIEVED
C20,cooking_recipe.txt,0.014686930107563967,skip,0.0,NOT_RETRIEVED
C20,header_photo.jpg,0.01367384623736143,skip,0.0,NOT_RETRIEVED
C20,cybersecurity_guide.txt,0.013619251549243927,skip,0.0,NOT_RETRIEVED
C20,python_tutorial.txt,0.013560248911380768,skip,0.0,NOT_RETRIEVED
C20,financial_budget.pdf,0.013233763631433249,skip,0.0,NOT_RETRIEVED
C20,football_report.txt,0.012566823254019257,skip,0.0,NOT_RETRIEVED
C20,ml_research_notes.txt,0.012241340729087825,skip,0.0,NOT_RETRIEVED
C20,project_report.docx,0.011603356897830965,skip,0.0,NOT_RETRIEVED
C20,climate_study.docx,0.011603154242038727,skip,0.0,NOT_RETRIEVED
C20,astronomy_article.txt,0.011098954826593399,skip,0.0,NOT_RETRIEVED
C20,tax_invoice.pdf,0.004867493826895952,skip,0.0,NOT_RETRIEVED
C20,large_wallpaper.jpg,0.002993405424058438,skip,0.0,NOT_RETRIEVED
C20,hospital_note.pdf,0.0026716114953160286,skip,0.0,NOT_RETRIEVED
C20,medium_image.jpg,0.0013566865585744382,skip,0.0,NOT_RETRIEVED
C21,financial_budget.pdf,0.030586726963520054,skip,0.0,NOT_RETRIEVED
C21,tax_invoice.pdf,0.016373171957820887,skip,0.0,NOT_RETRIEVED
C21,astronomy_article.txt,0.015088275261223317,skip,0.0,NOT_RETRIEVED
C21,travel_itinerary.docx,0.012096693366765977,skip,0.0,NOT_RETRIEVED
C21,ml_research_notes.txt,0.01012134156189859,skip,0.0,NOT_RETRIEVED
C21,cybersecurity_guide.txt,0.009857049584388733,skip,0.0,NOT_RETRIEVED
C21,medium_image.jpg,0.009841475123539566,skip,0.0,NOT_RETRIEVED
C21,project_report.docx,0.007226767530664802,skip,0.0,NOT_RETRIEVED
C21,hospital_note.pdf,0.007147260010242462,skip,0.0,NOT_RETRIEVED
C21,climate_study.docx,0.005059764906764031,skip,0.0,NOT_RETRIEVED
C21,large_wallpaper.jpg,0.004621293768286705,skip,0.0,NOT_RETRIEVED
C21,cooking_recipe.txt,0.0013533584773540498,skip,0.0,NOT_RETRIEVED
C21,python_tutorial.txt,0.0009723491035401821,skip,0.0,NOT_RETRIEVED
C21,header_photo.jpg,0.0009686847661214415,skip,0.0,NOT_RETRIEVED
C21,football_report.txt,0.0005565659608691931,skip,0.0,NOT_RETRIEVED
C22,header_photo.jpg,0.01541808694601059,skip,0.0,NOT_RETRIEVED
C22,hospital_note.pdf,0.0153491145640146,skip,0.0,NOT_RETRIEVED
C22,tax_invoice.pdf,0.015297628939151764,skip,0.0,NOT_RETRIEVED
C22,astronomy_article.txt,0.015007874369621277,skip,0.0,NOT_RETRIEVED
C22,project_report.docx,0.013957762252539398,skip,0.0,NOT_RETRIEVED
C22,climate_study.docx,0.011877014487981797,skip,0.0,NOT_RETRIEVED
C22,cybersecurity_guide.txt,0.010395344107382699,skip,0.0,NOT_RETRIEVED
C22,financial_budget.pdf,0.008170780539512635,skip,0.0,NOT_RETRIEVED
C22,ml_research_notes.txt,0.006540649144881172,skip,0.0,NOT_RETRIEVED
C22,travel_itinerary.docx,0.005427491664886475,skip,0.0,NOT_RETRIEVED
C22,cooking_recipe.txt,0.005327381938695908,skip,0.0,NOT_RETRIEVED
C22,python_tutorial.txt,0.003417399898171425,skip,0.0,NOT_RETRIEVED
C22,football_report.txt,0.0033857211470603946,skip,0.0,NOT_RETRIEVED
C22,medium_image.jpg,0.0029183220583945515,skip,0.0,NOT_RETRIEVED
C22,large_wallpaper.jpg,0.00012490845983847976,skip,0.0,NOT_RETRIEVED
C23,travel_itinerary.docx,0.01972944736480713,skip,0.0,NOT_RETRIEVED
C23,hospital_note.pdf,0.01761067658662796,skip,0.0,NOT_RETRIEVED
C23,financial_budget.pdf,0.01446174860247993,skip,0.0,NOT_RETRIEVED
C23,climate_study.docx,0.012067677825689316,skip,0.0,NOT_RETRIEVED
C23,tax_invoice.pdf,0.011611910909414292,skip,0.0,NOT_RETRIEVED
C23,football_report.txt,0.009900218106486138,skip,0.0,NOT_RETRIEVED
C23,cooking_recipe.txt,0.009861886501312256,skip,0.0,NOT_RETRIEVED
C23,header_photo.jpg,0.004575201869010925,skip,0.0,NOT_RETRIEVED
C23,astronomy_article.txt,0.00440690778195858,skip,0.0,NOT_RETRIEVED
C23,cybersecurity_guide.txt,0.003320540860295296,skip,0.0,NOT_RETRIEVED
C23,ml_research_notes.txt,0.0032929603010416033,skip,0.0,NOT_RETRIEVED
C23,project_report.docx,0.0025217486545443535,skip,0.0,NOT_RETRIEVED
C23,medium_image.jpg,0.0022703737020492555,skip,0.0,NOT_RETRIEVED
C23,python_tutorial.txt,0.0017664095386862755,skip,0.0,NOT_RETRIEVED
C23,large_wallpaper.jpg,0.00011753313010558486,skip,0.0,NOT_RETRIEVED
C24,climate_study.docx,0.012414504401385786,skip,0.0,NOT_RETRIEVED
C24,python_tutorial.txt,0.01023386653760099,skip,0.0,NOT_RETRIEVED
C24,project_report.docx,0.010068325354950503,skip,0.0,NOT_RETRIEVED
C24,cooking_recipe.txt,0.009451115431875224,skip,0.0,NOT_RETRIEVED
C24,medium_image.jpg,0.008969067782163621,skip,0.0,NOT_RETRIEVED
C24,large_wallpaper.jpg,0.007336327433586121,skip,0.0,NOT_RETRIEVED
C24,header_photo.jpg,0.006687028123997152,skip,0.0,NOT_RETRIEVED
C24,financial_budget.pdf,0.0039094648323953155,skip,0.0,NOT_RETRIEVED
C24,hospital_note.pdf,0.0036444056779146197,skip,0.0,NOT_RETRIEVED
C24,tax_invoice.pdf,0.0036436554044485094,skip,0.0,NOT_RETRIEVED
C24,ml_research_notes.txt,0.0029015501961112025,skip,0.0,NOT_RETRIEVED
C24,travel_itinerary.docx,0.0015093053691089154,skip,0.0,NOT_RETRIEVED
C24,cybersecurity_guide.txt,0.0012573642656207086,skip,0.0,NOT_RETRIEVED
C24,astronomy_article.txt,0.0006527985446155072,skip,0.0,NOT_RETRIEVED
C24,football_report.txt,0.0006383276544511319,skip,0.0,NOT_RETRIEVED
