filesystem_code,discard,occupancy_code,filler_MB,type_code,size_bytes,elapsed_s,label,recovered_fraction
0,0,0,0,0,352,0.0151,0,0.0
0,0,0,0,0,216,0.0151,0,0.0
0,0,0,0,1,2258,0.0151,0,0.0
0,0,0,0,0,282,0.0151,0,0.0
0,0,0,0,1,2261,0.0151,0,0.0
0,0,0,0,2,36833,0.0151,0,0.0
0,0,0,0,0,246,0.0151,0,0.0
0,0,0,0,1,2259,0.0151,0,0.0
0,0,0,0,2,36835,0.0151,0,0.0
0,0,0,0,0,194,0.0151,0,0.0
0,0,0,0,3,32917,0.0151,0,0.0
0,0,0,0,3,1378198,0.0151,0,0.0
0,0,0,5,0,352,0.0159,0,0.0
0,0,0,5,0,216,0.0159,0,0.0
0,0,0,5,1,2258,0.0159,0,0.0
0,0,0,5,0,282,0.0159,0,0.0
0,0,0,5,1,2261,0.0159,0,0.0
0,0,0,5,2,36833,0.0159,0,0.0
0,0,0,5,0,246,0.0159,0,0.0
0,0,0,5,1,2259,0.0159,0,0.0
0,0,0,5,2,36835,0.0159,0,0.0
0,0,0,5,0,194,0.0159,0,0.0
0,0,0,5,3,32917,0.0159,0,0.0
0,0,0,5,3,1378198,0.0159,0,0.0
0,0,0,20,0,352,0.0127,0,0.0
0,0,0,20,0,216,0.0127,0,0.0
0,0,0,20,1,2258,0.0127,0,0.0
0,0,0,20,0,282,0.0127,0,0.0
0,0,0,20,1,2261,0.0127,0,0.0
0,0,0,20,2,36833,0.0127,0,0.0
0,0,0,20,0,246,0.0127,0,0.0
0,0,0,20,1,2259,0.0127,0,0.0
0,0,0,20,2,36835,0.0127,0,0.0
0,0,0,20,0,194,0.0127,0,0.0
0,0,0,20,3,32917,0.0127,0,0.0
0,0,0,20,3,1378198,0.0127,0,0.0
0,0,1,0,0,352,0.0127,0,0.0
0,0,1,0,0,216,0.0127,0,0.0
0,0,1,0,1,2258,0.0127,0,0.0
0,0,1,0,0,282,0.0127,0,0.0
0,0,1,0,1,2261,0.0127,0,0.0
0,0,1,0,2,36833,0.0127,0,0.0
0,0,1,0,0,246,0.0127,0,0.0
0,0,1,0,1,2259,0.0127,0,0.0
0,0,1,0,2,36835,0.0127,0,0.0
0,0,1,0,0,194,0.0127,0,0.0
0,0,1,0,3,32917,0.0127,0,0.0
0,0,1,0,3,1378198,0.0127,0,0.0
0,0,1,5,0,352,0.0134,0,0.0
0,0,1,5,0,216,0.0134,0,0.0
0,0,1,5,1,2258,0.0134,0,0.0
0,0,1,5,0,282,0.0134,0,0.0
0,0,1,5,1,2261,0.0134,0,0.0
0,0,1,5,2,36833,0.0134,0,0.0
0,0,1,5,0,246,0.0134,0,0.0
0,0,1,5,1,2259,0.0134,0,0.0
0,0,1,5,2,36835,0.0134,0,0.0
0,0,1,5,0,194,0.0134,0,0.0
0,0,1,5,3,32917,0.0134,0,0.0
0,0,1,5,3,1378198,0.0134,0,0.0
0,0,1,20,0,352,0.0148,0,0.0
0,0,1,20,0,216,0.0148,0,0.0
0,0,1,20,1,2258,0.0148,0,0.0
0,0,1,20,0,282,0.0148,0,0.0
0,0,1,20,1,2261,0.0148,0,0.0
0,0,1,20,2,36833,0.0148,0,0.0
0,0,1,20,0,246,0.0148,0,0.0
0,0,1,20,1,2259,0.0148,0,0.0
0,0,1,20,2,36835,0.0148,0,0.0
0,0,1,20,0,194,0.0148,0,0.0
0,0,1,20,3,32917,0.0148,0,0.0
0,0,1,20,3,1378198,0.0148,0,0.0
0,1,0,0,0,352,0.0134,0,0.0
0,1,0,0,0,216,0.0134,0,0.0
0,1,0,0,1,2258,0.0134,0,0.0
0,1,0,0,0,282,0.0134,0,0.0
0,1,0,0,1,2261,0.0134,0,0.0
0,1,0,0,2,36833,0.0134,0,0.0
0,1,0,0,0,246,0.0134,0,0.0
0,1,0,0,1,2259,0.0134,0,0.0
0,1,0,0,2,36835,0.0134,0,0.0
0,1,0,0,0,194,0.0134,0,0.0
0,1,0,0,3,32917,0.0134,0,0.0
0,1,0,0,3,1378198,0.0134,0,0.0
0,1,0,5,0,352,0.0138,0,0.0
0,1,0,5,0,216,0.0138,0,0.0
0,1,0,5,1,2258,0.0138,0,0.0
0,1,0,5,0,282,0.0138,0,0.0
0,1,0,5,1,2261,0.0138,0,0.0
0,1,0,5,2,36833,0.0138,0,0.0
0,1,0,5,0,246,0.0138,0,0.0
0,1,0,5,1,2259,0.0138,0,0.0
0,1,0,5,2,36835,0.0138,0,0.0
0,1,0,5,0,194,0.0138,0,0.0
0,1,0,5,3,32917,0.0138,0,0.0
0,1,0,5,3,1378198,0.0138,0,0.0
0,1,0,20,0,352,0.0152,0,0.0
0,1,0,20,0,216,0.0152,0,0.0
0,1,0,20,1,2258,0.0152,0,0.0
0,1,0,20,0,282,0.0152,0,0.0
0,1,0,20,1,2261,0.0152,0,0.0
0,1,0,20,2,36833,0.0152,0,0.0
0,1,0,20,0,246,0.0152,0,0.0
0,1,0,20,1,2259,0.0152,0,0.0
0,1,0,20,2,36835,0.0152,0,0.0
0,1,0,20,0,194,0.0152,0,0.0
0,1,0,20,3,32917,0.0152,0,0.0
0,1,0,20,3,1378198,0.0152,0,0.0
0,1,1,0,0,352,0.014,0,0.0
0,1,1,0,0,216,0.014,0,0.0
0,1,1,0,1,2258,0.014,0,0.0
0,1,1,0,0,282,0.014,0,0.0
0,1,1,0,1,2261,0.014,0,0.0
0,1,1,0,2,36833,0.014,0,0.0
0,1,1,0,0,246,0.014,0,0.0
0,1,1,0,1,2259,0.014,0,0.0
0,1,1,0,2,36835,0.014,0,0.0
0,1,1,0,0,194,0.014,0,0.0
0,1,1,0,3,32917,0.014,0,0.0
0,1,1,0,3,1378198,0.014,0,0.0
0,1,1,5,0,352,0.0145,0,0.0
0,1,1,5,0,216,0.0145,0,0.0
0,1,1,5,1,2258,0.0145,0,0.0
0,1,1,5,0,282,0.0145,0,0.0
0,1,1,5,1,2261,0.0145,0,0.0
0,1,1,5,2,36833,0.0145,0,0.0
0,1,1,5,0,246,0.0145,0,0.0
0,1,1,5,1,2259,0.0145,0,0.0
0,1,1,5,2,36835,0.0145,0,0.0
0,1,1,5,0,194,0.0145,0,0.0
0,1,1,5,3,32917,0.0145,0,0.0
0,1,1,5,3,1378198,0.0145,0,0.0
0,1,1,20,0,352,0.014,0,0.0
0,1,1,20,0,216,0.014,0,0.0
0,1,1,20,1,2258,0.014,0,0.0
0,1,1,20,0,282,0.014,0,0.0
0,1,1,20,1,2261,0.014,0,0.0
0,1,1,20,2,36833,0.014,0,0.0
0,1,1,20,0,246,0.014,0,0.0
0,1,1,20,1,2259,0.014,0,0.0
0,1,1,20,2,36835,0.014,0,0.0
0,1,1,20,0,194,0.014,0,0.0
0,1,1,20,3,32917,0.014,0,0.0
0,1,1,20,3,1378198,0.014,0,0.0
1,0,0,0,0,352,0.0157,0,0.0
1,0,0,0,0,216,0.0157,0,0.0
1,0,0,0,1,2258,0.0157,0,0.0
1,0,0,0,0,282,0.0157,0,0.0
1,0,0,0,1,2261,0.0157,0,0.0
1,0,0,0,2,36833,0.0157,0,0.0
1,0,0,0,0,246,0.0157,0,0.0
1,0,0,0,1,2259,0.0157,0,0.0
1,0,0,0,2,36835,0.0157,0,0.0
1,0,0,0,0,194,0.0157,0,0.0
1,0,0,0,3,32917,0.0157,0,0.0
1,0,0,0,3,1378198,0.0157,0,0.0
1,0,0,5,0,352,0.0145,0,0.0
1,0,0,5,0,216,0.0145,0,0.0
1,0,0,5,1,2258,0.0145,0,0.0
1,0,0,5,0,282,0.0145,0,0.0
1,0,0,5,1,2261,0.0145,0,0.0
1,0,0,5,2,36833,0.0145,0,0.0
1,0,0,5,0,246,0.0145,0,0.0
1,0,0,5,1,2259,0.0145,0,0.0
1,0,0,5,2,36835,0.0145,0,0.0
1,0,0,5,0,194,0.0145,0,0.0
1,0,0,5,3,32917,0.0145,0,0.0
1,0,0,5,3,1378198,0.0145,0,0.0
1,0,0,20,0,352,0.0131,0,0.0
1,0,0,20,0,216,0.0131,0,0.0
1,0,0,20,1,2258,0.0131,0,0.0
1,0,0,20,0,282,0.0131,0,0.0
1,0,0,20,1,2261,0.0131,0,0.0
1,0,0,20,2,36833,0.0131,0,0.0
1,0,0,20,0,246,0.0131,0,0.0
1,0,0,20,1,2259,0.0131,0,0.0
1,0,0,20,2,36835,0.0131,0,0.0
1,0,0,20,0,194,0.0131,0,0.0
1,0,0,20,3,32917,0.0131,0,0.0
1,0,0,20,3,1378198,0.0131,0,0.0
1,0,1,0,0,352,0.0153,0,0.0
1,0,1,0,0,216,0.0153,0,0.0
1,0,1,0,1,2258,0.0153,0,0.0
1,0,1,0,0,282,0.0153,0,0.0
1,0,1,0,1,2261,0.0153,0,0.0
1,0,1,0,2,36833,0.0153,0,0.0
1,0,1,0,0,246,0.0153,0,0.0
1,0,1,0,1,2259,0.0153,0,0.0
1,0,1,0,2,36835,0.0153,0,0.0
1,0,1,0,0,194,0.0153,0,0.0
1,0,1,0,3,32917,0.0153,0,0.0
1,0,1,0,3,1378198,0.0153,0,0.0
1,0,1,5,0,352,0.0142,0,0.0
1,0,1,5,0,216,0.0142,0,0.0
1,0,1,5,1,2258,0.0142,0,0.0
1,0,1,5,0,282,0.0142,0,0.0
1,0,1,5,1,2261,0.0142,0,0.0
1,0,1,5,2,36833,0.0142,0,0.0
1,0,1,5,0,246,0.0142,0,0.0
1,0,1,5,1,2259,0.0142,0,0.0
1,0,1,5,2,36835,0.0142,0,0.0
1,0,1,5,0,194,0.0142,0,0.0
1,0,1,5,3,32917,0.0142,0,0.0
1,0,1,5,3,1378198,0.0142,0,0.0
1,0,1,20,0,352,0.0148,0,0.0
1,0,1,20,0,216,0.0148,0,0.0
1,0,1,20,1,2258,0.0148,0,0.0
1,0,1,20,0,282,0.0148,0,0.0
1,0,1,20,1,2261,0.0148,0,0.0
1,0,1,20,2,36833,0.0148,0,0.0
1,0,1,20,0,246,0.0148,0,0.0
1,0,1,20,1,2259,0.0148,0,0.0
1,0,1,20,2,36835,0.0148,0,0.0
1,0,1,20,0,194,0.0148,0,0.0
1,0,1,20,3,32917,0.0148,0,0.0
1,0,1,20,3,1378198,0.0148,0,0.0
1,1,0,0,0,352,0.0132,0,0.0
1,1,0,0,0,216,0.0132,0,0.0
1,1,0,0,1,2258,0.0132,0,0.0
1,1,0,0,0,282,0.0132,0,0.0
1,1,0,0,1,2261,0.0132,0,0.0
1,1,0,0,2,36833,0.0132,0,0.0
1,1,0,0,0,246,0.0132,0,0.0
1,1,0,0,1,2259,0.0132,0,0.0
1,1,0,0,2,36835,0.0132,0,0.0
1,1,0,0,0,194,0.0132,0,0.0
1,1,0,0,3,32917,0.0132,0,0.0
1,1,0,0,3,1378198,0.0132,0,0.0
1,1,0,5,0,352,0.0125,0,0.0
1,1,0,5,0,216,0.0125,0,0.0
1,1,0,5,1,2258,0.0125,0,0.0
1,1,0,5,0,282,0.0125,0,0.0
1,1,0,5,1,2261,0.0125,0,0.0
1,1,0,5,2,36833,0.0125,0,0.0
1,1,0,5,0,246,0.0125,0,0.0
1,1,0,5,1,2259,0.0125,0,0.0
1,1,0,5,2,36835,0.0125,0,0.0
1,1,0,5,0,194,0.0125,0,0.0
1,1,0,5,3,32917,0.0125,0,0.0
1,1,0,5,3,1378198,0.0125,0,0.0
1,1,0,20,0,352,0.0137,0,0.0
1,1,0,20,0,216,0.0137,0,0.0
1,1,0,20,1,2258,0.0137,0,0.0
1,1,0,20,0,282,0.0137,0,0.0
1,1,0,20,1,2261,0.0137,0,0.0
1,1,0,20,2,36833,0.0137,0,0.0
1,1,0,20,0,246,0.0137,0,0.0
1,1,0,20,1,2259,0.0137,0,0.0
1,1,0,20,2,36835,0.0137,0,0.0
1,1,0,20,0,194,0.0137,0,0.0
1,1,0,20,3,32917,0.0137,0,0.0
1,1,0,20,3,1378198,0.0137,0,0.0
1,1,1,0,0,352,0.014,0,0.0
1,1,1,0,0,216,0.014,0,0.0
1,1,1,0,1,2258,0.014,0,0.0
1,1,1,0,0,282,0.014,0,0.0
1,1,1,0,1,2261,0.014,0,0.0
1,1,1,0,2,36833,0.014,0,0.0
1,1,1,0,0,246,0.014,0,0.0
1,1,1,0,1,2259,0.014,0,0.0
1,1,1,0,2,36835,0.014,0,0.0
1,1,1,0,0,194,0.014,0,0.0
1,1,1,0,3,32917,0.014,0,0.0
1,1,1,0,3,1378198,0.014,0,0.0
1,1,1,5,0,352,0.0147,0,0.0
1,1,1,5,0,216,0.0147,0,0.0
1,1,1,5,1,2258,0.0147,0,0.0
1,1,1,5,0,282,0.0147,0,0.0
1,1,1,5,1,2261,0.0147,0,0.0
1,1,1,5,2,36833,0.0147,0,0.0
1,1,1,5,0,246,0.0147,0,0.0
1,1,1,5,1,2259,0.0147,0,0.0
1,1,1,5,2,36835,0.0147,0,0.0
1,1,1,5,0,194,0.0147,0,0.0
1,1,1,5,3,32917,0.0147,0,0.0
1,1,1,5,3,1378198,0.0147,0,0.0
1,1,1,20,0,352,0.0145,0,0.0
1,1,1,20,0,216,0.0145,0,0.0
1,1,1,20,1,2258,0.0145,0,0.0
1,1,1,20,0,282,0.0145,0,0.0
1,1,1,20,1,2261,0.0145,0,0.0
1,1,1,20,2,36833,0.0145,0,0.0
1,1,1,20,0,246,0.0145,0,0.0
1,1,1,20,1,2259,0.0145,0,0.0
1,1,1,20,2,36835,0.0145,0,0.0
1,1,1,20,0,194,0.0145,0,0.0
1,1,1,20,3,32917,0.0145,0,0.0
1,1,1,20,3,1378198,0.0145,0,0.0
