condition_id,filesystem,discard,filler_MB,occupancy,file,type,size,verdict,recovered_fraction,sha256_match,recovery_time_s,verdict_class,p_none,p_partial,p_full,predicted_expected_fraction,predicted_class,correct
C01,ext4,False,0,low,cooking_recipe.txt,txt,352,NOT_RETRIEVED,0.0,False,0.0151,NOT_RETRIEVED,1.0,0.0,0.0,0.0,none,True
C01,ext4,False,0,low,football_report.txt,txt,216,NOT_RETRIEVED,0.0,False,0.0151,NOT_RETRIEVED,1.0,0.0,0.0,0.0,none,True
C01,ext4,False,0,low,tax_invoice.pdf,pdf,2258,NOT_RETRIEVED,0.0,False,0.0151,NOT_RETRIEVED,1.0,0.0,0.0,0.0,none,True
C01,ext4,False,0,low,python_tutorial.txt,txt,282,NOT_RETRIEVED,0.0,False,0.0151,NOT_RETRIEVED,1.0,0.0,0.0,0.0,none,True
C01,ext4,False,0,low,hospital_note.pdf,pdf,2261,NOT_RETRIEVED,0.0,False,0.0151,NOT_RETRIEVED,1.0,0.0,0.0,0.0,none,True
C01,ext4,False,0,low,travel_itinerary.docx,docx,36833,NOT_RETRIEVED,0.0,False,0.0151,NOT_RETRIEVED,1.0,0.0,0.0,0.0,none,True
C01,ext4,False,0,low,cybersecurity_guide.txt,txt,246,NOT_RETRIEVED,0.0,False,0.0151,NOT_RETRIEVED,1.0,0.0,0.0,0.0,none,True
C01,ext4,False,0,low,financial_budget.pdf,pdf,2259,NOT_RETRIEVED,0.0,False,0.0151,NOT_RETRIEVED,1.0,0.0,0.0,0.0,none,True
C01,ext4,False,0,low,climate_study.docx,docx,36835,NOT_RETRIEVED,0.0,False,0.0151,NOT_RETRIEVED,1.0,0.0,0.0,0.0,none,True
C01,ext4,False,0,low,astronomy_article.txt,txt,194,NOT_RETRIEVED,0.0,False,0.0151,NOT_RETRIEVED,1.0,0.0,0.0,0.0,none,True
C01,ext4,False,0,low,header_photo.jpg,jpg,32917,NOT_RETRIEVED,0.0,False,0.0151,NOT_RETRIEVED,1.0,0.0,0.0,0.0,none,True
C01,ext4,False,0,low,large_wallpaper.jpg,jpg,1378198,NOT_RETRIEVED,0.0,False,0.0151,NOT_RETRIEVED,1.0,0.0,0.0,0.0,none,True
C02,ext4,False,5,low,cooking_recipe.txt,txt,352,NOT_RETRIEVED,0.0,False,0.0159,NOT_RETRIEVED,1.0,0.0,0.0,0.0,none,True
C02,ext4,False,5,low,football_report.txt,txt,216,NOT_RETRIEVED,0.0,False,0.0159,NOT_RETRIEVED,1.0,0.0,0.0,0.0,none,True
C02,ext4,False,5,low,tax_invoice.pdf,pdf,2258,NOT_RETRIEVED,0.0,False,0.0159,NOT_RETRIEVED,1.0,0.0,0.0,0.0,none,True
C02,ext4,False,5,low,python_tutorial.txt,txt,282,NOT_RETRIEVED,0.0,False,0.0159,NOT_RETRIEVED,1.0,0.0,0.0,0.0,none,True
C02,ext4,False,5,low,hospital_note.pdf,pdf,2261,NOT_RETRIEVED,0.0,False,0.0159,NOT_RETRIEVED,1.0,0.0,0.0,0.0,none,True
C02,ext4,False,5,low,travel_itinerary.docx,docx,36833,NOT_RETRIEVED,0.0,False,0.0159,NOT_RETRIEVED,1.0,0.0,0.0,0.0,none,True
C02,ext4,False,5,low,cybersecurity_guide.txt,txt,246,NOT_RETRIEVED,0.0,False,0.0159,NOT_RETRIEVED,1.0,0.0,0.0,0.0,none,True
C02,ext4,False,5,low,financial_budget.pdf,pdf,2259,NOT_RETRIEVED,0.0,False,0.0159,NOT_RETRIEVED,1.0,0.0,0.0,0.0,none,True
C02,ext4,False,5,low,climate_study.docx,docx,36835,NOT_RETRIEVED,0.0,False,0.0159,NOT_RETRIEVED,1.0,0.0,0.0,0.0,none,True
C02,ext4,False,5,low,astronomy_article.txt,txt,194,NOT_RETRIEVED,0.0,False,0.0159,NOT_RETRIEVED,1.0,0.0,0.0,0.0,none,True
C02,ext4,False,5,low,header_photo.jpg,jpg,32917,NOT_RETRIEVED,0.0,False,0.0159,NOT_RETRIEVED,1.0,0.0,0.0,0.0,none,True
C02,ext4,False,5,low,large_wallpaper.jpg,jpg,1378198,NOT_RETRIEVED,0.0,False,0.0159,NOT_RETRIEVED,1.0,0.0,0.0,0.0,none,True
C03,ext4,False,20,low,cooking_recipe.txt,txt,352,NOT_RETRIEVED,0.0,False,0.0127,NOT_RETRIEVED,1.0,0.0,0.0,0.0,none,True
C03,ext4,False,20,low,football_report.txt,txt,216,NOT_RETRIEVED,0.0,False,0.0127,NOT_RETRIEVED,1.0,0.0,0.0,0.0,none,True
C03,ext4,False,20,low,tax_invoice.pdf,pdf,2258,NOT_RETRIEVED,0.0,False,0.0127,NOT_RETRIEVED,1.0,0.0,0.0,0.0,none,True
C03,ext4,False,20,low,python_tutorial.txt,txt,282,NOT_RETRIEVED,0.0,False,0.0127,NOT_RETRIEVED,1.0,0.0,0.0,0.0,none,True
C03,ext4,False,20,low,hospital_note.pdf,pdf,2261,NOT_RETRIEVED,0.0,False,0.0127,NOT_RETRIEVED,1.0,0.0,0.0,0.0,none,True
C03,ext4,False,20,low,travel_itinerary.docx,docx,36833,NOT_RETRIEVED,0.0,False,0.0127,NOT_RETRIEVED,1.0,0.0,0.0,0.0,none,True
C03,ext4,False,20,low,cybersecurity_guide.txt,txt,246,NOT_RETRIEVED,0.0,False,0.0127,NOT_RETRIEVED,1.0,0.0,0.0,0.0,none,True
C03,ext4,False,20,low,financial_budget.pdf,pdf,2259,NOT_RETRIEVED,0.0,False,0.0127,NOT_RETRIEVED,1.0,0.0,0.0,0.0,none,True
C03,ext4,False,20,low,climate_study.docx,docx,36835,NOT_RETRIEVED,0.0,False,0.0127,NOT_RETRIEVED,1.0,0.0,0.0,0.0,none,True
C03,ext4,False,20,low,astronomy_article.txt,txt,194,NOT_RETRIEVED,0.0,False,0.0127,NOT_RETRIEVED,1.0,0.0,0.0,0.0,none,True
C03,ext4,False,20,low,header_photo.jpg,jpg,32917,NOT_RETRIEVED,0.0,False,0.0127,NOT_RETRIEVED,1.0,0.0,0.0,0.0,none,True
C03,ext4,False,20,low,large_wallpaper.jpg,jpg,1378198,NOT_RETRIEVED,0.0,False,0.0127,NOT_RETRIEVED,1.0,0.0,0.0,0.0,none,True
C04,ext4,False,0,high,cooking_recipe.txt,txt,352,NOT_RETRIEVED,0.0,False,0.0127,NOT_RETRIEVED,1.0,0.0,0.0,0.0,none,True
C04,ext4,False,0,high,football_report.txt,txt,216,NOT_RETRIEVED,0.0,False,0.0127,NOT_RETRIEVED,1.0,0.0,0.0,0.0,none,True
C04,ext4,False,0,high,tax_invoice.pdf,pdf,2258,NOT_RETRIEVED,0.0,False,0.0127,NOT_RETRIEVED,1.0,0.0,0.0,0.0,none,True
C04,ext4,False,0,high,python_tutorial.txt,txt,282,NOT_RETRIEVED,0.0,False,0.0127,NOT_RETRIEVED,1.0,0.0,0.0,0.0,none,True
C04,ext4,False,0,high,hospital_note.pdf,pdf,2261,NOT_RETRIEVED,0.0,False,0.0127,NOT_RETRIEVED,1.0,0.0,0.0,0.0,none,True
C04,ext4,False,0,high,travel_itinerary.docx,docx,36833,NOT_RETRIEVED,0.0,False,0.0127,NOT_RETRIEVED,1.0,0.0,0.0,0.0,none,True
C04,ext4,False,0,high,cybersecurity_guide.txt,txt,246,NOT_RETRIEVED,0.0,False,0.0127,NOT_RETRIEVED,1.0,0.0,0.0,0.0,none,True
C04,ext4,False,0,high,financial_budget.pdf,pdf,2259,NOT_RETRIEVED,0.0,False,0.0127,NOT_RETRIEVED,1.0,0.0,0.0,0.0,none,True
C04,ext4,False,0,high,climate_study.docx,docx,36835,NOT_RETRIEVED,0.0,False,0.0127,NOT_RETRIEVED,1.0,0.0,0.0,0.0,none,True
C04,ext4,False,0,high,astronomy_article.txt,txt,194,NOT_RETRIEVED,0.0,False,0.0127,NOT_RETRIEVED,1.0,0.0,0.0,0.0,none,True
C04,ext4,False,0,high,header_photo.jpg,jpg,32917,NOT_RETRIEVED,0.0,False,0.0127,NOT_RETRIEVED,1.0,0.0,0.0,0.0,none,True
C04,ext4,False,0,high,large_wallpaper.jpg,jpg,1378198,NOT_RETRIEVED,0.0,False,0.0127,NOT_RETRIEVED,1.0,0.0,0.0,0.0,none,True
C05,ext4,False,5,high,cooking_recipe.txt,txt,352,NOT_RETRIEVED,0.0,False,0.0134,NOT_RETRIEVED,1.0,0.0,0.0,0.0,none,True
C05,ext4,False,5,high,football_report.txt,txt,216,NOT_RETRIEVED,0.0,False,0.0134,NOT_RETRIEVED,1.0,0.0,0.0,0.0,none,True
C05,ext4,False,5,high,tax_invoice.pdf,pdf,2258,NOT_RETRIEVED,0.0,False,0.0134,NOT_RETRIEVED,1.0,0.0,0.0,0.0,none,True
C05,ext4,False,5,high,python_tutorial.txt,txt,282,NOT_RETRIEVED,0.0,False,0.0134,NOT_RETRIEVED,1.0,0.0,0.0,0.0,none,True
C05,ext4,False,5,high,hospital_note.pdf,pdf,2261,NOT_RETRIEVED,0.0,False,0.0134,NOT_RETRIEVED,1.0,0.0,0.0,0.0,none,True
C05,ext4,False,5,high,travel_itinerary.docx,docx,36833,NOT_RETRIEVED,0.0,False,0.0134,NOT_RETRIEVED,1.0,0.0,0.0,0.0,none,True
C05,ext4,False,5,high,cybersecurity_guide.txt,txt,246,NOT_RETRIEVED,0.0,False,0.0134,NOT_RETRIEVED,1.0,0.0,0.0,0.0,none,True
C05,ext4,False,5,high,financial_budget.pdf,pdf,2259,NOT_RETRIEVED,0.0,False,0.0134,NOT_RETRIEVED,1.0,0.0,0.0,0.0,none,True
C05,ext4,False,5,high,climate_study.docx,docx,36835,NOT_RETRIEVED,0.0,False,0.0134,NOT_RETRIEVED,1.0,0.0,0.0,0.0,none,True
C05,ext4,False,5,high,astronomy_article.txt,txt,194,NOT_RETRIEVED,0.0,False,0.0134,NOT_RETRIEVED,1.0,0.0,0.0,0.0,none,True
C05,ext4,False,5,high,header_photo.jpg,jpg,32917,NOT_RETRIEVED,0.0,False,0.0134,NOT_RETRIEVED,1.0,0.0,0.0,0.0,none,True
C05,ext4,False,5,high,large_wallpaper.jpg,jpg,1378198,NOT_RETRIEVED,0.0,False,0.0134,NOT_RETRIEVED,1.0,0.0,0.0,0.0,none,True
C06,ext4,False,20,high,cooking_recipe.txt,txt,352,NOT_RETRIEVED,0.0,False,0.0148,NOT_RETRIEVED,1.0,0.0,0.0,0.0,none,True
C06,ext4,False,20,high,football_report.txt,txt,216,NOT_RETRIEVED,0.0,False,0.0148,NOT_RETRIEVED,1.0,0.0,0.0,0.0,none,True
C06,ext4,False,20,high,tax_invoice.pdf,pdf,2258,NOT_RETRIEVED,0.0,False,0.0148,NOT_RETRIEVED,1.0,0.0,0.0,0.0,none,True
C06,ext4,False,20,high,python_tutorial.txt,txt,282,NOT_RETRIEVED,0.0,False,0.0148,NOT_RETRIEVED,1.0,0.0,0.0,0.0,none,True
C06,ext4,False,20,high,hospital_note.pdf,pdf,2261,NOT_RETRIEVED,0.0,False,0.0148,NOT_RETRIEVED,1.0,0.0,0.0,0.0,none,True
C06,ext4,False,20,high,travel_itinerary.docx,docx,36833,NOT_RETRIEVED,0.0,False,0.0148,NOT_RETRIEVED,1.0,0.0,0.0,0.0,none,True
C06,ext4,False,20,high,cybersecurity_guide.txt,txt,246,NOT_RETRIEVED,0.0,False,0.0148,NOT_RETRIEVED,1.0,0.0,0.0,0.0,none,True
C06,ext4,False,20,high,financial_budget.pdf,pdf,2259,NOT_RETRIEVED,0.0,False,0.0148,NOT_RETRIEVED,1.0,0.0,0.0,0.0,none,True
C06,ext4,False,20,high,climate_study.docx,docx,36835,NOT_RETRIEVED,0.0,False,0.0148,NOT_RETRIEVED,1.0,0.0,0.0,0.0,none,True
C06,ext4,False,20,high,astronomy_article.txt,txt,194,NOT_RETRIEVED,0.0,False,0.0148,NOT_RETRIEVED,1.0,0.0,0.0,0.0,none,True
C06,ext4,False,20,high,header_photo.jpg,jpg,32917,NOT_RETRIEVED,0.0,False,0.0148,NOT_RETRIEVED,1.0,0.0,0.0,0.0,none,True
C06,ext4,False,20,high,large_wallpaper.jpg,jpg,1378198,NOT_RETRIEVED,0.0,False,0.0148,NOT_RETRIEVED,1.0,0.0,0.0,0.0,none,True
C07,ext4,True,0,low,cooking_recipe.txt,txt,352,NOT_RETRIEVED,0.0,False,0.0134,NOT_RETRIEVED,1.0,0.0,0.0,0.0,none,True
C07,ext4,True,0,low,football_report.txt,txt,216,NOT_RETRIEVED,0.0,False,0.0134,NOT_RETRIEVED,1.0,0.0,0.0,0.0,none,True
C07,ext4,True,0,low,tax_invoice.pdf,pdf,2258,NOT_RETRIEVED,0.0,False,0.0134,NOT_RETRIEVED,1.0,0.0,0.0,0.0,none,True
C07,ext4,True,0,low,python_tutorial.txt,txt,282,NOT_RETRIEVED,0.0,False,0.0134,NOT_RETRIEVED,1.0,0.0,0.0,0.0,none,True
C07,ext4,True,0,low,hospital_note.pdf,pdf,2261,NOT_RETRIEVED,0.0,False,0.0134,NOT_RETRIEVED,1.0,0.0,0.0,0.0,none,True
C07,ext4,True,0,low,travel_itinerary.docx,docx,36833,NOT_RETRIEVED,0.0,False,0.0134,NOT_RETRIEVED,1.0,0.0,0.0,0.0,none,True
C07,ext4,True,0,low,cybersecurity_guide.txt,txt,246,NOT_RETRIEVED,0.0,False,0.0134,NOT_RETRIEVED,1.0,0.0,0.0,0.0,none,True
C07,ext4,True,0,low,financial_budget.pdf,pdf,2259,NOT_RETRIEVED,0.0,False,0.0134,NOT_RETRIEVED,1.0,0.0,0.0,0.0,none,True
C07,ext4,True,0,low,climate_study.docx,docx,36835,NOT_RETRIEVED,0.0,False,0.0134,NOT_RETRIEVED,1.0,0.0,0.0,0.0,none,True
C07,ext4,True,0,low,astronomy_article.txt,txt,194,NOT_RETRIEVED,0.0,False,0.0134,NOT_RETRIEVED,1.0,0.0,0.0,0.0,none,True
C07,ext4,True,0,low,header_photo.jpg,jpg,32917,NOT_RETRIEVED,0.0,False,0.0134,NOT_RETRIEVED,1.0,0.0,0.0,0.0,none,True
C07,ext4,True,0,low,large_wallpaper.jpg,jpg,1378198,NOT_RETRIEVED,0.0,False,0.0134,NOT_RETRIEVED,1.0,0.0,0.0,0.0,none,True
C08,ext4,True,5,low,cooking_recipe.txt,txt,352,NOT_RETRIEVED,0.0,False,0.0138,NOT_RETRIEVED,1.0,0.0,0.0,0.0,none,True
C08,ext4,True,5,low,football_report.txt,txt,216,NOT_RETRIEVED,0.0,False,0.0138,NOT_RETRIEVED,1.0,0.0,0.0,0.0,none,True
C08,ext4,True,5,low,tax_invoice.pdf,pdf,2258,NOT_RETRIEVED,0.0,False,0.0138,NOT_RETRIEVED,1.0,0.0,0.0,0.0,none,True
C08,ext4,True,5,low,python_tutorial.txt,txt,282,NOT_RETRIEVED,0.0,False,0.0138,NOT_RETRIEVED,1.0,0.0,0.0,0.0,none,True
C08,ext4,True,5,low,hospital_note.pdf,pdf,2261,NOT_RETRIEVED,0.0,False,0.0138,NOT_RETRIEVED,1.0,0.0,0.0,0.0,none,True
C08,ext4,True,5,low,travel_itinerary.docx,docx,36833,NOT_RETRIEVED,0.0,False,0.0138,NOT_RETRIEVED,1.0,0.0,0.0,0.0,none,True
C08,ext4,True,5,low,cybersecurity_guide.txt,txt,246,NOT_RETRIEVED,0.0,False,0.0138,NOT_RETRIEVED,1.0,0.0,0.0,0.0,none,True
C08,ext4,True,5,low,financial_budget.pdf,pdf,2259,NOT_RETRIEVED,0.0,False,0.0138,NOT_RETRIEVED,1.0,0.0,0.0,0.0,none,True
C08,ext4,True,5,low,climate_study.docx,docx,36835,NOT_RETRIEVED,0.0,False,0.0138,NOT_RETRIEVED,1.0,0.0,0.0,0.0,none,True
C08,ext4,True,5,low,astronomy_article.txt,txt,194,NOT_RETRIEVED,0.0,False,0.0138,NOT_RETRIEVED,1.0,0.0,0.0,0.0,none,True
C08,ext4,True,5,low,header_photo.jpg,jpg,32917,NOT_RETRIEVED,0.0,False,0.0138,NOT_RETRIEVED,1.0,0.0,0.0,0.0,none,True
C08,ext4,True,5,low,large_wallpaper.jpg,jpg,1378198,NOT_RETRIEVED,0.0,False,0.0138,NOT_RETRIEVED,1.0,0.0,0.0,0.0,none,True
C09,ext4,True,20,low,cooking_recipe.txt,txt,352,NOT_RETRIEVED,0.0,False,0.0152,NOT_RETRIEVED,1.0,0.0,0.0,0.0,none,True
C09,ext4,True,20,low,football_report.txt,txt,216,NOT_RETRIEVED,0.0,False,0.0152,NOT_RETRIEVED,1.0,0.0,0.0,0.0,none,True
C09,ext4,True,20,low,tax_invoice.pdf,pdf,2258,NOT_RETRIEVED,0.0,False,0.0152,NOT_RETRIEVED,1.0,0.0,0.0,0.0,none,True
C09,ext4,True,20,low,python_tutorial.txt,txt,282,NOT_RETRIEVED,0.0,False,0.0152,NOT_RETRIEVED,1.0,0.0,0.0,0.0,none,True
C09,ext4,True,20,low,hospital_note.pdf,pdf,2261,NOT_RETRIEVED,0.0,False,0.0152,NOT_RETRIEVED,1.0,0.0,0.0,0.0,none,True
C09,ext4,True,20,low,travel_itinerary.docx,docx,36833,NOT_RETRIEVED,0.0,False,0.0152,NOT_RETRIEVED,1.0,0.0,0.0,0.0,none,True
C09,ext4,True,20,low,cybersecurity_guide.txt,txt,246,NOT_RETRIEVED,0.0,False,0.0152,NOT_RETRIEVED,1.0,0.0,0.0,0.0,none,True
C09,ext4,True,20,low,financial_budget.pdf,pdf,2259,NOT_RETRIEVED,0.0,False,0.0152,NOT_RETRIEVED,1.0,0.0,0.0,0.0,none,True
C09,ext4,True,20,low,climate_study.docx,docx,36835,NOT_RETRIEVED,0.0,False,0.0152,NOT_RETRIEVED,1.0,0.0,0.0,0.0,none,True
C09,ext4,True,20,low,astronomy_article.txt,txt,194,NOT_RETRIEVED,0.0,False,0.0152,NOT_RETRIEVED,1.0,0.0,0.0,0.0,none,True
C09,ext4,True,20,low,header_photo.jpg,jpg,32917,NOT_RETRIEVED,0.0,False,0.0152,NOT_RETRIEVED,1.0,0.0,0.0,0.0,none,True
C09,ext4,True,20,low,large_wallpaper.jpg,jpg,1378198,NOT_RETRIEVED,0.0,False,0.0152,NOT_RETRIEVED,1.0,0.0,0.0,0.0,none,True
C10,ext4,True,0,high,cooking_recipe.txt,txt,352,NOT_RETRIEVED,0.0,False,0.014,NOT_RETRIEVED,1.0,0.0,0.0,0.0,none,True
C10,ext4,True,0,high,football_report.txt,txt,216,NOT_RETRIEVED,0.0,False,0.014,NOT_RETRIEVED,1.0,0.0,0.0,0.0,none,True
C10,ext4,True,0,high,tax_invoice.pdf,pdf,2258,NOT_RETRIEVED,0.0,False,0.014,NOT_RETRIEVED,1.0,0.0,0.0,0.0,none,True
C10,ext4,True,0,high,python_tutorial.txt,txt,282,NOT_RETRIEVED,0.0,False,0.014,NOT_RETRIEVED,1.0,0.0,0.0,0.0,none,True
C10,ext4,True,0,high,hospital_note.pdf,pdf,2261,NOT_RETRIEVED,0.0,False,0.014,NOT_RETRIEVED,1.0,0.0,0.0,0.0,none,True
C10,ext4,True,0,high,travel_itinerary.docx,docx,36833,NOT_RETRIEVED,0.0,False,0.014,NOT_RETRIEVED,1.0,0.0,0.0,0.0,none,True
C10,ext4,True,0,high,cybersecurity_guide.txt,txt,246,NOT_RETRIEVED,0.0,False,0.014,NOT_RETRIEVED,1.0,0.0,0.0,0.0,none,True
C10,ext4,True,0,high,financial_budget.pdf,pdf,2259,NOT_RETRIEVED,0.0,False,0.014,NOT_RETRIEVED,1.0,0.0,0.0,0.0,none,True
C10,ext4,True,0,high,climate_study.docx,docx,36835,NOT_RETRIEVED,0.0,False,0.014,NOT_RETRIEVED,1.0,0.0,0.0,0.0,none,True
C10,ext4,True,0,high,astronomy_article.txt,txt,194,NOT_RETRIEVED,0.0,False,0.014,NOT_RETRIEVED,1.0,0.0,0.0,0.0,none,True
C10,ext4,True,0,high,header_photo.jpg,jpg,32917,NOT_RETRIEVED,0.0,False,0.014,NOT_RETRIEVED,1.0,0.0,0.0,0.0,none,True
C10,ext4,True,0,high,large_wallpaper.jpg,jpg,1378198,NOT_RETRIEVED,0.0,False,0.014,NOT_RETRIEVED,1.0,0.0,0.0,0.0,none,True
C11,ext4,True,5,high,cooking_recipe.txt,txt,352,NOT_RETRIEVED,0.0,False,0.0145,NOT_RETRIEVED,1.0,0.0,0.0,0.0,none,True
C11,ext4,True,5,high,football_report.txt,txt,216,NOT_RETRIEVED,0.0,False,0.0145,NOT_RETRIEVED,1.0,0.0,0.0,0.0,none,True
C11,ext4,True,5,high,tax_invoice.pdf,pdf,2258,NOT_RETRIEVED,0.0,False,0.0145,NOT_RETRIEVED,1.0,0.0,0.0,0.0,none,True
C11,ext4,True,5,high,python_tutorial.txt,txt,282,NOT_RETRIEVED,0.0,False,0.0145,NOT_RETRIEVED,1.0,0.0,0.0,0.0,none,True
C11,ext4,True,5,high,hospital_note.pdf,pdf,2261,NOT_RETRIEVED,0.0,False,0.0145,NOT_RETRIEVED,1.0,0.0,0.0,0.0,none,True
C11,ext4,True,5,high,travel_itinerary.docx,docx,36833,NOT_RETRIEVED,0.0,False,0.0145,NOT_RETRIEVED,1.0,0.0,0.0,0.0,none,True
C11,ext4,True,5,high,cybersecurity_guide.txt,txt,246,NOT_RETRIEVED,0.0,False,0.0145,NOT_RETRIEVED,1.0,0.0,0.0,0.0,none,True
C11,ext4,True,5,high,financial_budget.pdf,pdf,2259,NOT_RETRIEVED,0.0,False,0.0145,NOT_RETRIEVED,1.0,0.0,0.0,0.0,none,True
C11,ext4,True,5,high,climate_study.docx,docx,36835,NOT_RETRIEVED,0.0,False,0.0145,NOT_RETRIEVED,1.0,0.0,0.0,0.0,none,True
C11,ext4,True,5,high,astronomy_article.txt,txt,194,NOT_RETRIEVED,0.0,False,0.0145,NOT_RETRIEVED,1.0,0.0,0.0,0.0,none,True
C11,ext4,True,5,high,header_photo.jpg,jpg,32917,NOT_RETRIEVED,0.0,False,0.0145,NOT_RETRIEVED,1.0,0.0,0.0,0.0,none,True
C11,ext4,True,5,high,large_wallpaper.jpg,jpg,1378198,NOT_RETRIEVED,0.0,False,0.0145,NOT_RETRIEVED,1.0,0.0,0.0,0.0,none,True
C12,ext4,True,20,high,cooking_recipe.txt,txt,352,NOT_RETRIEVED,0.0,False,0.014,NOT_RETRIEVED,1.0,0.0,0.0,0.0,none,True
C12,ext4,True,20,high,football_report.txt,txt,216,NOT_RETRIEVED,0.0,False,0.014,NOT_RETRIEVED,1.0,0.0,0.0,0.0,none,True
C12,ext4,True,20,high,tax_invoice.pdf,pdf,2258,NOT_RETRIEVED,0.0,False,0.014,NOT_RETRIEVED,1.0,0.0,0.0,0.0,none,True
C12,ext4,True,20,high,python_tutorial.txt,txt,282,NOT_RETRIEVED,0.0,False,0.014,NOT_RETRIEVED,1.0,0.0,0.0,0.0,none,True
C12,ext4,True,20,high,hospital_note.pdf,pdf,2261,NOT_RETRIEVED,0.0,False,0.014,NOT_RETRIEVED,1.0,0.0,0.0,0.0,none,True
C12,ext4,True,20,high,travel_itinerary.docx,docx,36833,NOT_RETRIEVED,0.0,False,0.014,NOT_RETRIEVED,1.0,0.0,0.0,0.0,none,True
C12,ext4,True,20,high,cybersecurity_guide.txt,txt,246,NOT_RETRIEVED,0.0,False,0.014,NOT_RETRIEVED,1.0,0.0,0.0,0.0,none,True
C12,ext4,True,20,high,financial_budget.pdf,pdf,2259,NOT_RETRIEVED,0.0,False,0.014,NOT_RETRIEVED,1.0,0.0,0.0,0.0,none,True
C12,ext4,True,20,high,climate_study.docx,docx,36835,NOT_RETRIEVED,0.0,False,0.014,NOT_RETRIEVED,1.0,0.0,0.0,0.0,none,True
C12,ext4,True,20,high,astronomy_article.txt,txt,194,NOT_RETRIEVED,0.0,False,0.014,NOT_RETRIEVED,1.0,0.0,0.0,0.0,none,True
C12,ext4,True,20,high,header_photo.jpg,jpg,32917,NOT_RETRIEVED,0.0,False,0.014,NOT_RETRIEVED,1.0,0.0,0.0,0.0,none,True
C12,ext4,True,20,high,large_wallpaper.jpg,jpg,1378198,NOT_RETRIEVED,0.0,False,0.014,NOT_RETRIEVED,1.0,0.0,0.0,0.0,none,True
C13,vfat,False,0,low,cooking_recipe.txt,txt,352,NOT_RETRIEVED,0.0,False,0.0157,NOT_RETRIEVED,1.0,0.0,0.0,0.0,none,True
C13,vfat,False,0,low,football_report.txt,txt,216,NOT_RETRIEVED,0.0,False,0.0157,NOT_RETRIEVED,1.0,0.0,0.0,0.0,none,True
C13,vfat,False,0,low,tax_invoice.pdf,pdf,2258,NOT_RETRIEVED,0.0,False,0.0157,NOT_RETRIEVED,1.0,0.0,0.0,0.0,none,True
C13,vfat,False,0,low,python_tutorial.txt,txt,282,NOT_RETRIEVED,0.0,False,0.0157,NOT_RETRIEVED,1.0,0.0,0.0,0.0,none,True
C13,vfat,False,0,low,hospital_note.pdf,pdf,2261,NOT_RETRIEVED,0.0,False,0.0157,NOT_RETRIEVED,1.0,0.0,0.0,0.0,none,True
C13,vfat,False,0,low,travel_itinerary.docx,docx,36833,NOT_RETRIEVED,0.0,False,0.0157,NOT_RETRIEVED,1.0,0.0,0.0,0.0,none,True
C13,vfat,False,0,low,cybersecurity_guide.txt,txt,246,NOT_RETRIEVED,0.0,False,0.0157,NOT_RETRIEVED,1.0,0.0,0.0,0.0,none,True
C13,vfat,False,0,low,financial_budget.pdf,pdf,2259,NOT_RETRIEVED,0.0,False,0.0157,NOT_RETRIEVED,1.0,0.0,0.0,0.0,none,True
C13,vfat,False,0,low,climate_study.docx,docx,36835,NOT_RETRIEVED,0.0,False,0.0157,NOT_RETRIEVED,1.0,0.0,0.0,0.0,none,True
C13,vfat,False,0,low,astronomy_article.txt,txt,194,NOT_RETRIEVED,0.0,False,0.0157,NOT_RETRIEVED,1.0,0.0,0.0,0.0,none,True
C13,vfat,False,0,low,header_photo.jpg,jpg,32917,NOT_RETRIEVED,0.0,False,0.0157,NOT_RETRIEVED,1.0,0.0,0.0,0.0,none,True
C13,vfat,False,0,low,large_wallpaper.jpg,jpg,1378198,NOT_RETRIEVED,0.0,False,0.0157,NOT_RETRIEVED,1.0,0.0,0.0,0.0,none,True
C14,vfat,False,5,low,cooking_recipe.txt,txt,352,NOT_RETRIEVED,0.0,False,0.0145,NOT_RETRIEVED,1.0,0.0,0.0,0.0,none,True
C14,vfat,False,5,low,football_report.txt,txt,216,NOT_RETRIEVED,0.0,False,0.0145,NOT_RETRIEVED,1.0,0.0,0.0,0.0,none,True
C14,vfat,False,5,low,tax_invoice.pdf,pdf,2258,NOT_RETRIEVED,0.0,False,0.0145,NOT_RETRIEVED,1.0,0.0,0.0,0.0,none,True
C14,vfat,False,5,low,python_tutorial.txt,txt,282,NOT_RETRIEVED,0.0,False,0.0145,NOT_RETRIEVED,1.0,0.0,0.0,0.0,none,True
C14,vfat,False,5,low,hospital_note.pdf,pdf,2261,NOT_RETRIEVED,0.0,False,0.0145,NOT_RETRIEVED,1.0,0.0,0.0,0.0,none,True
C14,vfat,False,5,low,travel_itinerary.docx,docx,36833,NOT_RETRIEVED,0.0,False,0.0145,NOT_RETRIEVED,1.0,0.0,0.0,0.0,none,True
C14,vfat,False,5,low,cybersecurity_guide.txt,txt,246,NOT_RETRIEVED,0.0,False,0.0145,NOT_RETRIEVED,1.0,0.0,0.0,0.0,none,True
C14,vfat,False,5,low,financial_budget.pdf,pdf,2259,NOT_RETRIEVED,0.0,False,0.0145,NOT_RETRIEVED,1.0,0.0,0.0,0.0,none,True
C14,vfat,False,5,low,climate_study.docx,docx,36835,NOT_RETRIEVED,0.0,False,0.0145,NOT_RETRIEVED,1.0,0.0,0.0,0.0,none,True
C14,vfat,False,5,low,astronomy_article.txt,txt,194,NOT_RETRIEVED,0.0,False,0.0145,NOT_RETRIEVED,1.0,0.0,0.0,0.0,none,True
C14,vfat,False,5,low,header_photo.jpg,jpg,32917,NOT_RETRIEVED,0.0,False,0.0145,NOT_RETRIEVED,1.0,0.0,0.0,0.0,none,True
C14,vfat,False,5,low,large_wallpaper.jpg,jpg,1378198,NOT_RETRIEVED,0.0,False,0.0145,NOT_RETRIEVED,1.0,0.0,0.0,0.0,none,True
C15,vfat,False,20,low,cooking_recipe.txt,txt,352,NOT_RETRIEVED,0.0,False,0.0131,NOT_RETRIEVED,1.0,0.0,0.0,0.0,none,True
C15,vfat,False,20,low,football_report.txt,txt,216,NOT_RETRIEVED,0.0,False,0.0131,NOT_RETRIEVED,1.0,0.0,0.0,0.0,none,True
C15,vfat,False,20,low,tax_invoice.pdf,pdf,2258,NOT_RETRIEVED,0.0,False,0.0131,NOT_RETRIEVED,1.0,0.0,0.0,0.0,none,True
C15,vfat,False,20,low,python_tutorial.txt,txt,282,NOT_RETRIEVED,0.0,False,0.0131,NOT_RETRIEVED,1.0,0.0,0.0,0.0,none,True
C15,vfat,False,20,low,hospital_note.pdf,pdf,2261,NOT_RETRIEVED,0.0,False,0.0131,NOT_RETRIEVED,1.0,0.0,0.0,0.0,none,True
C15,vfat,False,20,low,travel_itinerary.docx,docx,36833,NOT_RETRIEVED,0.0,False,0.0131,NOT_RETRIEVED,1.0,0.0,0.0,0.0,none,True
C15,vfat,False,20,low,cybersecurity_guide.txt,txt,246,NOT_RETRIEVED,0.0,False,0.0131,NOT_RETRIEVED,1.0,0.0,0.0,0.0,none,True
C15,vfat,False,20,low,financial_budget.pdf,pdf,2259,NOT_RETRIEVED,0.0,False,0.0131,NOT_RETRIEVED,1.0,0.0,0.0,0.0,none,True
C15,vfat,False,20,low,climate_study.docx,docx,36835,NOT_RETRIEVED,0.0,False,0.0131,NOT_RETRIEVED,1.0,0.0,0.0,0.0,none,True
C15,vfat,False,20,low,astronomy_article.txt,txt,194,NOT_RETRIEVED,0.0,False,0.0131,NOT_RETRIEVED,1.0,0.0,0.0,0.0,none,True
C15,vfat,False,20,low,header_photo.jpg,jpg,32917,NOT_RETRIEVED,0.0,False,0.0131,NOT_RETRIEVED,1.0,0.0,0.0,0.0,none,True
C15,vfat,False,20,low,large_wallpaper.jpg,jpg,1378198,NOT_RETRIEVED,0.0,False,0.0131,NOT_RETRIEVED,1.0,0.0,0.0,0.0,none,True
C16,vfat,False,0,high,cooking_recipe.txt,txt,352,NOT_RETRIEVED,0.0,False,0.0153,NOT_RETRIEVED,1.0,0.0,0.0,0.0,none,True
C16,vfat,False,0,high,football_report.txt,txt,216,NOT_RETRIEVED,0.0,False,0.0153,NOT_RETRIEVED,1.0,0.0,0.0,0.0,none,True
C16,vfat,False,0,high,tax_invoice.pdf,pdf,2258,NOT_RETRIEVED,0.0,False,0.0153,NOT_RETRIEVED,1.0,0.0,0.0,0.0,none,True
C16,vfat,False,0,high,python_tutorial.txt,txt,282,NOT_RETRIEVED,0.0,False,0.0153,NOT_RETRIEVED,1.0,0.0,0.0,0.0,none,True
C16,vfat,False,0,high,hospital_note.pdf,pdf,2261,NOT_RETRIEVED,0.0,False,0.0153,NOT_RETRIEVED,1.0,0.0,0.0,0.0,none,True
C16,vfat,False,0,high,travel_itinerary.docx,docx,36833,NOT_RETRIEVED,0.0,False,0.0153,NOT_RETRIEVED,1.0,0.0,0.0,0.0,none,True
C16,vfat,False,0,high,cybersecurity_guide.txt,txt,246,NOT_RETRIEVED,0.0,False,0.0153,NOT_RETRIEVED,1.0,0.0,0.0,0.0,none,True
C16,vfat,False,0,high,financial_budget.pdf,pdf,2259,NOT_RETRIEVED,0.0,False,0.0153,NOT_RETRIEVED,1.0,0.0,0.0,0.0,none,True
C16,vfat,False,0,high,climate_study.docx,docx,36835,NOT_RETRIEVED,0.0,False,0.0153,NOT_RETRIEVED,1.0,0.0,0.0,0.0,none,True
C16,vfat,False,0,high,astronomy_article.txt,txt,194,NOT_RETRIEVED,0.0,False,0.0153,NOT_RETRIEVED,1.0,0.0,0.0,0.0,none,True
C16,vfat,False,0,high,header_photo.jpg,jpg,32917,NOT_RETRIEVED,0.0,False,0.0153,NOT_RETRIEVED,1.0,0.0,0.0,0.0,none,True
C16,vfat,False,0,high,large_wallpaper.jpg,jpg,1378198,NOT_RETRIEVED,0.0,False,0.0153,NOT_RETRIEVED,1.0,0.0,0.0,0.0,none,True
C17,vfat,False,5,high,cooking_recipe.txt,txt,352,NOT_RETRIEVED,0.0,False,0.0142,NOT_RETRIEVED,1.0,0.0,0.0,0.0,none,True
C17,vfat,False,5,high,football_report.txt,txt,216,NOT_RETRIEVED,0.0,False,0.0142,NOT_RETRIEVED,1.0,0.0,0.0,0.0,none,True
C17,vfat,False,5,high,tax_invoice.pdf,pdf,2258,NOT_RETRIEVED,0.0,False,0.0142,NOT_RETRIEVED,1.0,0.0,0.0,0.0,none,True
C17,vfat,False,5,high,python_tutorial.txt,txt,282,NOT_RETRIEVED,0.0,False,0.0142,NOT_RETRIEVED,1.0,0.0,0.0,0.0,none,True
C17,vfat,False,5,high,hospital_note.pdf,pdf,2261,NOT_RETRIEVED,0.0,False,0.0142,NOT_RETRIEVED,1.0,0.0,0.0,0.0,none,True
C17,vfat,False,5,high,travel_itinerary.docx,docx,36833,NOT_RETRIEVED,0.0,False,0.0142,NOT_RETRIEVED,1.0,0.0,0.0,0.0,none,True
C17,vfat,False,5,high,cybersecurity_guide.txt,txt,246,NOT_RETRIEVED,0.0,False,0.0142,NOT_RETRIEVED,1.0,0.0,0.0,0.0,none,True
C17,vfat,False,5,high,financial_budget.pdf,pdf,2259,NOT_RETRIEVED,0.0,False,0.0142,NOT_RETRIEVED,1.0,0.0,0.0,0.0,none,True
C17,vfat,False,5,high,climate_study.docx,docx,36835,NOT_RETRIEVED,0.0,False,0.0142,NOT_RETRIEVED,1.0,0.0,0.0,0.0,none,True
C17,vfat,False,5,high,astronomy_article.txt,txt,194,NOT_RETRIEVED,0.0,False,0.0142,NOT_RETRIEVED,1.0,0.0,0.0,0.0,none,True
C17,vfat,False,5,high,header_photo.jpg,jpg,32917,NOT_RETRIEVED,0.0,False,0.0142,NOT_RETRIEVED,1.0,0.0,0.0,0.0,none,True
C17,vfat,False,5,high,large_wallpaper.jpg,jpg,1378198,NOT_RETRIEVED,0.0,False,0.0142,NOT_RETRIEVED,1.0,0.0,0.0,0.0,none,True
C18,vfat,False,20,high,cooking_recipe.txt,txt,352,NOT_RETRIEVED,0.0,False,0.0148,NOT_RETRIEVED,1.0,0.0,0.0,0.0,none,True
C18,vfat,False,20,high,football_report.txt,txt,216,NOT_RETRIEVED,0.0,False,0.0148,NOT_RETRIEVED,1.0,0.0,0.0,0.0,none,True
C18,vfat,False,20,high,tax_invoice.pdf,pdf,2258,NOT_RETRIEVED,0.0,False,0.0148,NOT_RETRIEVED,1.0,0.0,0.0,0.0,none,True
C18,vfat,False,20,high,python_tutorial.txt,txt,282,NOT_RETRIEVED,0.0,False,0.0148,NOT_RETRIEVED,1.0,0.0,0.0,0.0,none,True
C18,vfat,False,20,high,hospital_note.pdf,pdf,2261,NOT_RETRIEVED,0.0,False,0.0148,NOT_RETRIEVED,1.0,0.0,0.0,0.0,none,True
C18,vfat,False,20,high,travel_itinerary.docx,docx,36833,NOT_RETRIEVED,0.0,False,0.0148,NOT_RETRIEVED,1.0,0.0,0.0,0.0,none,True
C18,vfat,False,20,high,cybersecurity_guide.txt,txt,246,NOT_RETRIEVED,0.0,False,0.0148,NOT_RETRIEVED,1.0,0.0,0.0,0.0,none,True
C18,vfat,False,20,high,financial_budget.pdf,pdf,2259,NOT_RETRIEVED,0.0,False,0.0148,NOT_RETRIEVED,1.0,0.0,0.0,0.0,none,True
C18,vfat,False,20,high,climate_study.docx,docx,36835,NOT_RETRIEVED,0.0,False,0.0148,NOT_RETRIEVED,1.0,0.0,0.0,0.0,none,True
C18,vfat,False,20,high,astronomy_article.txt,txt,194,NOT_RETRIEVED,0.0,False,0.0148,NOT_RETRIEVED,1.0,0.0,0.0,0.0,none,True
C18,vfat,False,20,high,header_photo.jpg,jpg,32917,NOT_RETRIEVED,0.0,False,0.0148,NOT_RETRIEVED,1.0,0.0,0.0,0.0,none,True
C18,vfat,False,20,high,large_wallpaper.jpg,jpg,1378198,NOT_RETRIEVED,0.0,False,0.0148,NOT_RETRIEVED,1.0,0.0,0.0,0.0,none,True
C19,vfat,True,0,low,cooking_recipe.txt,txt,352,NOT_RETRIEVED,0.0,False,0.0132,NOT_RETRIEVED,1.0,0.0,0.0,0.0,none,True
C19,vfat,True,0,low,football_report.txt,txt,216,NOT_RETRIEVED,0.0,False,0.0132,NOT_RETRIEVED,1.0,0.0,0.0,0.0,none,True
C19,vfat,True,0,low,tax_invoice.pdf,pdf,2258,NOT_RETRIEVED,0.0,False,0.0132,NOT_RETRIEVED,1.0,0.0,0.0,0.0,none,True
C19,vfat,True,0,low,python_tutorial.txt,txt,282,NOT_RETRIEVED,0.0,False,0.0132,NOT_RETRIEVED,1.0,0.0,0.0,0.0,none,True
C19,vfat,True,0,low,hospital_note.pdf,pdf,2261,NOT_RETRIEVED,0.0,False,0.0132,NOT_RETRIEVED,1.0,0.0,0.0,0.0,none,True
C19,vfat,True,0,low,travel_itinerary.docx,docx,36833,NOT_RETRIEVED,0.0,False,0.0132,NOT_RETRIEVED,1.0,0.0,0.0,0.0,none,True
C19,vfat,True,0,low,cybersecurity_guide.txt,txt,246,NOT_RETRIEVED,0.0,False,0.0132,NOT_RETRIEVED,1.0,0.0,0.0,0.0,none,True
C19,vfat,True,0,low,financial_budget.pdf,pdf,2259,NOT_RETRIEVED,0.0,False,0.0132,NOT_RETRIEVED,1.0,0.0,0.0,0.0,none,True
C19,vfat,True,0,low,climate_study.docx,docx,36835,NOT_RETRIEVED,0.0,False,0.0132,NOT_RETRIEVED,1.0,0.0,0.0,0.0,none,True
C19,vfat,True,0,low,astronomy_article.txt,txt,194,NOT_RETRIEVED,0.0,False,0.0132,NOT_RETRIEVED,1.0,0.0,0.0,0.0,none,True
C19,vfat,True,0,low,header_photo.jpg,jpg,32917,NOT_RETRIEVED,0.0,False,0.0132,NOT_RETRIEVED,1.0,0.0,0.0,0.0,none,True
C19,vfat,True,0,low,large_wallpaper.jpg,jpg,1378198,NOT_RETRIEVED,0.0,False,0.0132,NOT_RETRIEVED,1.0,0.0,0.0,0.0,none,True
C20,vfat,True,5,low,cooking_recipe.txt,txt,352,NOT_RETRIEVED,0.0,False,0.0125,NOT_RETRIEVED,1.0,0.0,0.0,0.0,none,True
C20,vfat,True,5,low,football_report.txt,txt,216,NOT_RETRIEVED,0.0,False,0.0125,NOT_RETRIEVED,1.0,0.0,0.0,0.0,none,True
C20,vfat,True,5,low,tax_invoice.pdf,pdf,2258,NOT_RETRIEVED,0.0,False,0.0125,NOT_RETRIEVED,1.0,0.0,0.0,0.0,none,True
C20,vfat,True,5,low,python_tutorial.txt,txt,282,NOT_RETRIEVED,0.0,False,0.0125,NOT_RETRIEVED,1.0,0.0,0.0,0.0,none,True
C20,vfat,True,5,low,hospital_note.pdf,pdf,2261,NOT_RETRIEVED,0.0,False,0.0125,NOT_RETRIEVED,1.0,0.0,0.0,0.0,none,True
C20,vfat,True,5,low,travel_itinerary.docx,docx,36833,NOT_RETRIEVED,0.0,False,0.0125,NOT_RETRIEVED,1.0,0.0,0.0,0.0,none,True
C20,vfat,True,5,low,cybersecurity_guide.txt,txt,246,NOT_RETRIEVED,0.0,False,0.0125,NOT_RETRIEVED,1.0,0.0,0.0,0.0,none,True
C20,vfat,True,5,low,financial_budget.pdf,pdf,2259,NOT_RETRIEVED,0.0,False,0.0125,NOT_RETRIEVED,1.0,0.0,0.0,0.0,none,True
C20,vfat,True,5,low,climate_study.docx,docx,36835,NOT_RETRIEVED,0.0,False,0.0125,NOT_RETRIEVED,1.0,0.0,0.0,0.0,none,True
C20,vfat,True,5,low,astronomy_article.txt,txt,194,NOT_RETRIEVED,0.0,False,0.0125,NOT_RETRIEVED,1.0,0.0,0.0,0.0,none,True
C20,vfat,True,5,low,header_photo.jpg,jpg,32917,NOT_RETRIEVED,0.0,False,0.0125,NOT_RETRIEVED,1.0,0.0,0.0,0.0,none,True
C20,vfat,True,5,low,large_wallpaper.jpg,jpg,1378198,NOT_RETRIEVED,0.0,False,0.0125,NOT_RETRIEVED,1.0,0.0,0.0,0.0,none,True
C21,vfat,True,20,low,cooking_recipe.txt,txt,352,NOT_RETRIEVED,0.0,False,0.0137,NOT_RETRIEVED,1.0,0.0,0.0,0.0,none,True
C21,vfat,True,20,low,football_report.txt,txt,216,NOT_RETRIEVED,0.0,False,0.0137,NOT_RETRIEVED,1.0,0.0,0.0,0.0,none,True
C21,vfat,True,20,low,tax_invoice.pdf,pdf,2258,NOT_RETRIEVED,0.0,False,0.0137,NOT_RETRIEVED,1.0,0.0,0.0,0.0,none,True
C21,vfat,True,20,low,python_tutorial.txt,txt,282,NOT_RETRIEVED,0.0,False,0.0137,NOT_RETRIEVED,1.0,0.0,0.0,0.0,none,True
C21,vfat,True,20,low,hospital_note.pdf,pdf,2261,NOT_RETRIEVED,0.0,False,0.0137,NOT_RETRIEVED,1.0,0.0,0.0,0.0,none,True
C21,vfat,True,20,low,travel_itinerary.docx,docx,36833,NOT_RETRIEVED,0.0,False,0.0137,NOT_RETRIEVED,1.0,0.0,0.0,0.0,none,True
C21,vfat,True,20,low,cybersecurity_guide.txt,txt,246,NOT_RETRIEVED,0.0,False,0.0137,NOT_RETRIEVED,1.0,0.0,0.0,0.0,none,True
C21,vfat,True,20,low,financial_budget.pdf,pdf,2259,NOT_RETRIEVED,0.0,False,0.0137,NOT_RETRIEVED,1.0,0.0,0.0,0.0,none,True
C21,vfat,True,20,low,climate_study.docx,docx,36835,NOT_RETRIEVED,0.0,False,0.0137,NOT_RETRIEVED,1.0,0.0,0.0,0.0,none,True
C21,vfat,True,20,low,astronomy_article.txt,txt,194,NOT_RETRIEVED,0.0,False,0.0137,NOT_RETRIEVED,1.0,0.0,0.0,0.0,none,True
C21,vfat,True,20,low,header_photo.jpg,jpg,32917,NOT_RETRIEVED,0.0,False,0.0137,NOT_RETRIEVED,1.0,0.0,0.0,0.0,none,True
C21,vfat,True,20,low,large_wallpaper.jpg,jpg,1378198,NOT_RETRIEVED,0.0,False,0.0137,NOT_RETRIEVED,1.0,0.0,0.0,0.0,none,True
C22,vfat,True,0,high,cooking_recipe.txt,txt,352,NOT_RETRIEVED,0.0,False,0.014,NOT_RETRIEVED,1.0,0.0,0.0,0.0,none,True
C22,vfat,True,0,high,football_report.txt,txt,216,NOT_RETRIEVED,0.0,False,0.014,NOT_RETRIEVED,1.0,0.0,0.0,0.0,none,True
C22,vfat,True,0,high,tax_invoice.pdf,pdf,2258,NOT_RETRIEVED,0.0,False,0.014,NOT_RETRIEVED,1.0,0.0,0.0,0.0,none,True
C22,vfat,True,0,high,python_tutorial.txt,txt,282,NOT_RETRIEVED,0.0,False,0.014,NOT_RETRIEVED,1.0,0.0,0.0,0.0,none,True
C22,vfat,True,0,high,hospital_note.pdf,pdf,2261,NOT_RETRIEVED,0.0,False,0.014,NOT_RETRIEVED,1.0,0.0,0.0,0.0,none,True
C22,vfat,True,0,high,travel_itinerary.docx,docx,36833,NOT_RETRIEVED,0.0,False,0.014,NOT_RETRIEVED,1.0,0.0,0.0,0.0,none,True
C22,vfat,True,0,high,cybersecurity_guide.txt,txt,246,NOT_RETRIEVED,0.0,False,0.014,NOT_RETRIEVED,1.0,0.0,0.0,0.0,none,True
C22,vfat,True,0,high,financial_budget.pdf,pdf,2259,NOT_RETRIEVED,0.0,False,0.014,NOT_RETRIEVED,1.0,0.0,0.0,0.0,none,True
C22,vfat,True,0,high,climate_study.docx,docx,36835,NOT_RETRIEVED,0.0,False,0.014,NOT_RETRIEVED,1.0,0.0,0.0,0.0,none,True
C22,vfat,True,0,high,astronomy_article.txt,txt,194,NOT_RETRIEVED,0.0,False,0.014,NOT_RETRIEVED,1.0,0.0,0.0,0.0,none,True
C22,vfat,True,0,high,header_photo.jpg,jpg,32917,NOT_RETRIEVED,0.0,False,0.014,NOT_RETRIEVED,1.0,0.0,0.0,0.0,none,True
C22,vfat,True,0,high,large_wallpaper.jpg,jpg,1378198,NOT_RETRIEVED,0.0,False,0.014,NOT_RETRIEVED,1.0,0.0,0.0,0.0,none,True
C23,vfat,True,5,high,cooking_recipe.txt,txt,352,NOT_RETRIEVED,0.0,False,0.0147,NOT_RETRIEVED,1.0,0.0,0.0,0.0,none,True
C23,vfat,True,5,high,football_report.txt,txt,216,NOT_RETRIEVED,0.0,False,0.0147,NOT_RETRIEVED,1.0,0.0,0.0,0.0,none,True
C23,vfat,True,5,high,tax_invoice.pdf,pdf,2258,NOT_RETRIEVED,0.0,False,0.0147,NOT_RETRIEVED,1.0,0.0,0.0,0.0,none,True
C23,vfat,True,5,high,python_tutorial.txt,txt,282,NOT_RETRIEVED,0.0,False,0.0147,NOT_RETRIEVED,1.0,0.0,0.0,0.0,none,True
C23,vfat,True,5,high,hospital_note.pdf,pdf,2261,NOT_RETRIEVED,0.0,False,0.0147,NOT_RETRIEVED,1.0,0.0,0.0,0.0,none,True
C23,vfat,True,5,high,travel_itinerary.docx,docx,36833,NOT_RETRIEVED,0.0,False,0.0147,NOT_RETRIEVED,1.0,0.0,0.0,0.0,none,True
C23,vfat,True,5,high,cybersecurity_guide.txt,txt,246,NOT_RETRIEVED,0.0,False,0.0147,NOT_RETRIEVED,1.0,0.0,0.0,0.0,none,True
C23,vfat,True,5,high,financial_budget.pdf,pdf,2259,NOT_RETRIEVED,0.0,False,0.0147,NOT_RETRIEVED,1.0,0.0,0.0,0.0,none,True
C23,vfat,True,5,high,climate_study.docx,docx,36835,NOT_RETRIEVED,0.0,False,0.0147,NOT_RETRIEVED,1.0,0.0,0.0,0.0,none,True
C23,vfat,True,5,high,astronomy_article.txt,txt,194,NOT_RETRIEVED,0.0,False,0.0147,NOT_RETRIEVED,1.0,0.0,0.0,0.0,none,True
C23,vfat,True,5,high,header_photo.jpg,jpg,32917,NOT_RETRIEVED,0.0,False,0.0147,NOT_RETRIEVED,1.0,0.0,0.0,0.0,none,True
C23,vfat,True,5,high,large_wallpaper.jpg,jpg,1378198,NOT_RETRIEVED,0.0,False,0.0147,NOT_RETRIEVED,1.0,0.0,0.0,0.0,none,True
C24,vfat,True,20,high,cooking_recipe.txt,txt,352,NOT_RETRIEVED,0.0,False,0.0145,NOT_RETRIEVED,1.0,0.0,0.0,0.0,none,True
C24,vfat,True,20,high,football_report.txt,txt,216,NOT_RETRIEVED,0.0,False,0.0145,NOT_RETRIEVED,1.0,0.0,0.0,0.0,none,True
C24,vfat,True,20,high,tax_invoice.pdf,pdf,2258,NOT_RETRIEVED,0.0,False,0.0145,NOT_RETRIEVED,1.0,0.0,0.0,0.0,none,True
C24,vfat,True,20,high,python_tutorial.txt,txt,282,NOT_RETRIEVED,0.0,False,0.0145,NOT_RETRIEVED,1.0,0.0,0.0,0.0,none,True
C24,vfat,True,20,high,hospital_note.pdf,pdf,2261,NOT_RETRIEVED,0.0,False,0.0145,NOT_RETRIEVED,1.0,0.0,0.0,0.0,none,True
C24,vfat,True,20,high,travel_itinerary.docx,docx,36833,NOT_RETRIEVED,0.0,False,0.0145,NOT_RETRIEVED,1.0,0.0,0.0,0.0,none,True
C24,vfat,True,20,high,cybersecurity_guide.txt,txt,246,NOT_RETRIEVED,0.0,False,0.0145,NOT_RETRIEVED,1.0,0.0,0.0,0.0,none,True
C24,vfat,True,20,high,financial_budget.pdf,pdf,2259,NOT_RETRIEVED,0.0,False,0.0145,NOT_RETRIEVED,1.0,0.0,0.0,0.0,none,True
C24,vfat,True,20,high,climate_study.docx,docx,36835,NOT_RETRIEVED,0.0,False,0.0145,NOT_RETRIEVED,1.0,0.0,0.0,0.0,none,True
C24,vfat,True,20,high,astronomy_article.txt,txt,194,NOT_RETRIEVED,0.0,False,0.0145,NOT_RETRIEVED,1.0,0.0,0.0,0.0,none,True
C24,vfat,True,20,high,header_photo.jpg,jpg,32917,NOT_RETRIEVED,0.0,False,0.0145,NOT_RETRIEVED,1.0,0.0,0.0,0.0,none,True
C24,vfat,True,20,high,large_wallpaper.jpg,jpg,1378198,NOT_RETRIEVED,0.0,False,0.0145,NOT_RETRIEVED,1.0,0.0,0.0,0.0,none,True
